<?xml version="1.0" ?>
<project name="WebCrescendo Production Deployments" default="all" basedir=".">
	<!-- include the ant-contrib extention, which is a separate jar placed in the /ant_home/lib/ directory -->
	<taskdef resource="net/sf/antcontrib/antcontrib.properties">
	  <classpath>
		<pathelement location="/apps/ant/lib/ant-contrib-0.6.jar" />
	  </classpath>
	</taskdef>
	
	<!-- building WC_Custom here will compile all projects via transient dependencies -->
	<target name="all" depends="init, clean, mkdirs, WC_Custom, sb, ramgrp, depuy, lms, proxy, stagingSb, stagingDePuy, stagingRamgrp, stagingProxy, zipFiles" />
	
	<!-- Initialization Parameters -->
	<target name="init">
		<property name="git.dir" value="${basedir}/git" />
		<property name="builds.dir" value="${git.dir}/builds" />
		<property name="lib.dir" value="${builds.dir}/lib" />

		<!-- Define the base directory for each of the projects -->
		<property name="wc_custom.dir" value="${git.dir}/WC_Custom" />
		<property name="wc_emails.dir" value="${git.dir}/WC_EmailCampaigns" />
		<property name="ram.dir" value="${git.dir}/RAMDataFeed" />
		<property name="siliconmtn.dir" value="${git.dir}/SMTBaseLibs" />
		<property name="df.dir" value="${git.dir}/DePuyDataFeed" />
		<property name="apps.dir" value="${git.dir}/SMTAppLibraries" />

		<!-- WebCrescendo params for the war builds -->
		<property name="sb.dir" value="${git.dir}/WebCrescendo" />
		<property name="sb.classes.dir" value="${sb.dir}/bin" />
		<property name="sb.builds" value="${git.dir}/WebCrescendo/builds/SiteBuilder" />

		<!-- LMS params for the war build -->
		<property name="lms.dir" value="${git.dir}/LearningManagement" />

		<!-- Proxy params for the war build -->
		<property name="proxy.dir" value="${git.dir}/ProxyServer" />
		<property name="proxy.builds" value="${proxy.dir}/builds" />
		<property name="proxy.classes.dir" value="${proxy.dir}/bin" />
		
		<!-- DePuySurgeonLocator params for the war build -->
		<property name="dpy.locator.dir" value="${git.dir}/DePuySurgeonLocator" />
		<property name="dpy.locator.classes.dir" value="${dpy.locator.dir}/bin" />

		<property name="tmp.jsp.src.dir" value="${git.dir}/jsp-src" />
		<property name="tmp.jsp.classes.dir" value="${git.dir}/jsp-classes" />
		<property name="jspc.pkg.prefix" value="com.smt"/>
		<property name="jspc.dir.prefix" value="com/smt"/>

		<path id="classpath">
			<!-- include the Tomcat runtime - this gets us the Servlet spec and JSTL jars -->
			<fileset dir="/apps/java/lib" includes="*.jar"/>
			<fileset dir="/apps/tomcat/lib" includes="*.jar"/>
			<fileset dir="/apps/tomcat/bin" includes="*.jar"/>

			<!-- the dreaded Tika...only needed for compilation; does not ship to Tomcat servers -->
			<fileset dir="${apps.dir}/script-libs/" includes="tika-app-1.12.jar"/>
			
			<!-- include everything in the SMTAppLibraries directory that we don't compile manually -->
			<fileset dir="${apps.dir}/lib" includes="**/*.jar">
				<exclude name="siliconmtn.jar"/>
				<exclude name="sitebuilder.jar"/>
				<exclude name="wc_custom.jar"/>
				<exclude name="emailCampaigns.jar"/>
				<exclude name="datafeed.jar"/>
				<exclude name="ram_data_feed.jar"/>
				<exclude name="lucene*4.4.0*jar"/><!-- WC3 needs Lucene 5.5 -->
				<exclude name="lucene-backward-codecs-5.5.0.jar"/><!-- only included for SB prod builds -->
			</fileset>
			<fileset dir="${lib.dir}" includes="**/*.jar" />
			<fileset dir="${builds.dir}/lib" includes="*.jar" />
		</path>

		<tstamp>
			<format property="datestamp" pattern="yyyyMMdd" />
		</tstamp>
	</target>

	<!-- Deletes and recreates files and directories so the newest files will be created -->
	<target name="clean" depends="init">
		<!-- Delete the existing directories -->
		<delete dir="${df.dir}/bin" />
		<delete dir="${lms.dir}/bin" />
		<delete dir="${wc_emails.dir}/bin" />
		<delete dir="${wc_custom.dir}/bin" />
		<delete dir="${ram.dir}/bin" />
		<delete dir="${siliconmtn.dir}/bin" />
		<delete dir="${proxy.classes.dir}" />
		<delete dir="${dpy.locator.classes.dir}" />
		<delete dir="${sb.classes.dir}" />
		<delete dir="${lib.dir}" />
		<delete dir="${builds.dir}" />
		
		<!-- Cleans any pre-compiled JSP source, classes, jspc-web.xml -->
		<delete dir="${tmp.jsp.src.dir}"/>
		<delete dir="${tmp.jsp.classes.dir}"/>
	</target>
	
	<target name="mkdirs" depends="init">
		<!-- Recreate the output directories -->
		<mkdir dir="${df.dir}/bin" />
		<mkdir dir="${lms.dir}/bin" />
		<mkdir dir="${wc_custom.dir}/bin" />
		<mkdir dir="${ram.dir}/bin" />
		<mkdir dir="${wc_emails.dir}/bin" />
		<mkdir dir="${siliconmtn.dir}/bin" />
		<mkdir dir="${proxy.classes.dir}" />
		<mkdir dir="${dpy.locator.classes.dir}" />
		<mkdir dir="${sb.classes.dir}" />
		<mkdir dir="${lib.dir}" />
		<mkdir dir="${builds.dir}" />
		
		<mkdir dir="${tmp.jsp.src.dir}"/>
		<mkdir dir="${tmp.jsp.classes.dir}"/>
	</target>


	<target name="zipFiles" depends="init">
		<zip destfile="${builds.dir}/binary.zip" basedir="${sb.dir}/binary" excludes="**/*org/" />
	</target>
	

	<target name="SMTBaseLibs" depends="mkdirs">
		<!-- Build the SMT Base Libs -->
		<javac includeantruntime="false" debug="true" debuglevel="lines,vars,source" nowarn="on" srcdir="${siliconmtn.dir}/src" destdir="${siliconmtn.dir}/bin" classpathref="classpath" encoding="UTF-8" />
		<jar jarfile="${lib.dir}/siliconmtn.jar" basedir="${siliconmtn.dir}/bin" />
		<echo>Base Libs Built</echo>
	</target>
	
	<!-- Creates the SMT Proxy jar file for dependent projects -->
	<target name="ProxyServer" depends="SMTBaseLibs">
		<javac includeantruntime="false" debug="true" debuglevel="lines,vars,source" nowarn="on" srcdir="${proxy.dir}/src" destdir="${proxy.classes.dir}" classpathref="classpath" encoding="UTF-8" />
		<jar jarfile="${lib.dir}/smtproxy.jar" basedir="${proxy.classes.dir}" />
		<echo>SMT Proxy Built</echo>
	</target>

	<!-- Creates the Jar files for the dynamic projects -->
	<target name="WebCrescendo" depends="SMTBaseLibs,ProxyServer">
		<!-- Copy the necessary files and build the SB project and a jar -->
		<copy todir="${sb.classes.dir}/com/smt/sitebuilder/resource" overwrite="true">
			<fileset dir="${sb.dir}/src/com/smt/sitebuilder/resource">
				<include name="**/*.properties" />
			</fileset>
		</copy>
		<javac includeantruntime="false" debug="true" debuglevel="lines,vars,source" nowarn="on" srcdir="${sb.dir}/src" destdir="${sb.classes.dir}" classpathref="classpath" encoding="UTF-8" />
		<jar jarfile="${lib.dir}/sitebuilder.jar" basedir="${sb.classes.dir}" />
		<echo>SiteBuilder Built</echo>
	</target>
	
	<target name="DePuyDataFeed" depends="WebCrescendo">
		<!-- Build the DePuy Datafeed jar -->
		<javac includeantruntime="false" debug="true" debuglevel="lines,vars,source" nowarn="on" srcdir="${df.dir}/src" destdir="${df.dir}/bin" classpathref="classpath" encoding="UTF-8" />
		<jar jarfile="${lib.dir}/datafeed.jar" basedir="${df.dir}/bin" />
		<echo>DePuyDataFeed built</echo>
	</target>
	
	<target name="DePuySurgeonLocator" depends="WebCrescendo">
		<!-- Build the DePuy Surgeon Locator jar -->
		<javac includeantruntime="false" debug="true" debuglevel="lines,vars,source" nowarn="on" srcdir="${dpy.locator.dir}/src" destdir="${dpy.locator.classes.dir}" classpathref="classpath" encoding="UTF-8" />
		<!-- preserve the properties file into the jar file -->
		<copy todir="${dpy.locator.classes.dir}">
			<fileset dir="${dpy.locator.dir}/src">
				<include name="**/*.properties" />
			</fileset>
		</copy>
		<jar jarfile="${lib.dir}/depuysurgeonlocator.jar" basedir="${dpy.locator.classes.dir}" />
		<echo>DePuySurgeonLocator built</echo>
	</target>
	
	<target name="LearningManagement" depends="WebCrescendo">
		<!-- Build the LMS jar -->
		<javac includeantruntime="false" debug="true" debuglevel="lines,vars,source" nowarn="on" srcdir="${lms.dir}/src" destdir="${lms.dir}/bin" classpathref="classpath" encoding="UTF-8" />
		<jar jarfile="${lib.dir}/siliconmtn_lms.jar" basedir="${lms.dir}/bin" />
		<echo>LMS Built</echo>
	</target>
	
	<target name="RAMDataFeed" depends="WebCrescendo">
		<!-- Build the RAMDataFeed jar -->
		<javac includeantruntime="false" debug="true" debuglevel="lines,vars,source" nowarn="on" srcdir="${ram.dir}/src" destdir="${ram.dir}/bin" classpathref="classpath" encoding="UTF-8" excludes="com/ram/workflow/mdb/**,com/ram/datafeed/service/**,com/ram/datafeed/test/**" />
		<jar jarfile="${lib.dir}/ram_data_feed.jar" basedir="${ram.dir}/bin" />
		<echo>RAMDataFeed Built</echo>
	</target>

	<!-- Creates the Jar files for the dynamic projects -->
	<target name="WC_EmailCampaigns" depends="WebCrescendo">
		<!-- Build the WC_EmailCampaigns Jar -->
		<javac includeantruntime="false" debug="true" debuglevel="lines,vars,source" srcdir="${wc_emails.dir}/src" destdir="${wc_emails.dir}/bin" classpathref="classpath" nowarn="on" encoding="UTF-8" />
		<jar jarfile="${lib.dir}/emailCampaigns.jar" basedir="${wc_emails.dir}/bin" />
		<echo>WC_EmailCampaigns built</echo>
	</target>
	
	<target name="WC_Custom" depends="WC_EmailCampaigns,DePuySurgeonLocator,DePuyDataFeed,RAMDataFeed">
		<!-- Build the WC_Custom Jar -->
		<javac includeantruntime="false" debug="true" debuglevel="lines,vars,source" srcdir="${wc_custom.dir}/src" destdir="${wc_custom.dir}/bin" classpathref="classpath" nowarn="on" encoding="UTF-8" />
		<jar jarfile="${lib.dir}/wc_custom.jar" basedir="${wc_custom.dir}/bin" />
		<echo>WC_Custom built</echo>
	</target>
	
	
	<!-- compiles the SB production war file - the same war for all servers -->
	<target name="sb" depends="WC_Custom">
		<war destfile="${builds.dir}/sb.war" webxml="${sb.builds}/production/sb/web.xml" duplicate="preserve">
			<fileset dir="${sb.dir}/WebRoot">
				<exclude name="**/META-INF/context.xml" />
				<exclude name="**/WEB-INF/classes/**" />
			</fileset>
			<classes dir="${sb.builds}/production/sb" includes="oscache.properties" />
			<metainf file="${sb.builds}/production/sb/context.xml" />
			<metainf file="${git.dir}/sb_branches.properties" /> <!-- This file contains the branches of all contributing git projects -->
			<lib file="${sb.builds}/production/sb/sb_config.properties" />
			<lib file="${sb.builds}/production/sb/sb_log4j.xml" />
			<!-- compiled project jars -->
			<lib file="${lib.dir}/siliconmtn.jar" />
			<lib file="${lib.dir}/siliconmtn_lms.jar" />
			<lib file="${lib.dir}/wc_custom.jar" />
			<lib file="${lib.dir}/sitebuilder.jar" />
			<lib file="${lib.dir}/smtproxy.jar" />
			<lib file="${lib.dir}/emailCampaigns.jar" />
			<lib file="${lib.dir}/datafeed.jar" />
			<!-- SMT core AppLibs jars used by this project -->
			<lib file="${apps.dir}/lib/activation.jar" />
			<lib file="${apps.dir}/lib/artemis-commons-2.0.0.jar" />
			<lib file="${apps.dir}/lib/artemis-core-client-2.0.0.jar" />
			<lib file="${apps.dir}/lib/artemis-jms-client-2.0.0.jar" />
			<lib file="${apps.dir}/lib/artemis-selector-2.0.0.jar" />
			<lib file="${apps.dir}/lib/axis2/axiom-api-1.2.13.jar" />
			<lib file="${apps.dir}/lib/axis2/axiom-impl-1.2.13.jar" />
			<lib file="${apps.dir}/lib/axis2/axis2-adb-1.6.2.jar" />
			<lib file="${apps.dir}/lib/axis2/axis2-kernel-1.6.2.jar" />
			<lib file="${apps.dir}/lib/axis2/axis2-transport-http-1.6.2.jar" />
			<lib file="${apps.dir}/lib/axis2/axis2-transport-local-1.6.2.jar" />
			<lib file="${apps.dir}/lib/axis2/axis2-xmlbeans-1.6.2.jar" />
			<lib file="${apps.dir}/lib/axis2/XmlSchema-1.4.7.jar" />
			<lib file="${apps.dir}/lib/barcode4j.jar" />
			<lib file="${apps.dir}/lib/commons-beanutils-1.9.2.jar" />
			<lib file="${apps.dir}/lib/commons-codec-1.3.jar" />
			<lib file="${apps.dir}/lib/commons-collections-3.2.1.jar" />
			<lib file="${apps.dir}/lib/commons-discovery-0.2.jar" />
			<lib file="${apps.dir}/lib/commons-fileupload-1.2.2.jar" />
			<lib file="${apps.dir}/lib/commons-httpclient-3.1.jar" />
			<lib file="${apps.dir}/lib/commons-io-2.4.jar" />
			<lib file="${apps.dir}/lib/commons-lang-2.4.jar" />
			<lib file="${apps.dir}/lib/commons-lang3-3.1.jar" />
			<lib file="${apps.dir}/lib/commons-logging-1.1.jar" />
			<lib file="${apps.dir}/lib/commons-net-3.5.jar" />
			<lib file="${apps.dir}/lib/core-renderer.jar" />
			<lib file="${apps.dir}/lib/cos.jar" />
			<lib file="${apps.dir}/lib/dom4j-1.6.1.jar" />
			<lib file="${apps.dir}/lib/ezmorph-1.0.6.jar" />
			<lib file="${apps.dir}/lib/fontbox-1.8.11.jar" />
			<lib file="${apps.dir}/lib/freemarker.jar" />
			<lib file="${apps.dir}/lib/ganymed-ssh2-build251beta1.jar" />
			<lib file="${apps.dir}/lib/geronimo-jms_2.0_spec-1.0-alpha-2.jar" />
			<lib file="${apps.dir}/lib/geronimo-json_1.0_spec-1.0-alpha-1.jar" />
			<lib file="${apps.dir}/lib/google-http-client-1.20.0.jar" />
			<lib file="${apps.dir}/lib/google-http-client-jackson2-1.20.0.jar" />
			<lib file="${apps.dir}/lib/google-oauth-client-1.20.0.jar" />
			<lib file="${apps.dir}/lib/google-oauth-client-java6-1.20.0.jar" />
			<lib file="${apps.dir}/lib/gson-2.2.4.jar" />
			<lib file="${apps.dir}/lib/httpclient-4.4.1.jar" />
			<lib file="${apps.dir}/lib/httpcore-4.4.1.jar" />
			<lib file="${apps.dir}/lib/httpmime-4.4.1.jar" />
			<lib file="${apps.dir}/lib/iText-2.1.1.jar" />
			<lib file="${apps.dir}/lib/jackson-core-2.1.3.jar" />
			<lib file="${apps.dir}/lib/jawr-core-3.5.2.jar" />
			<lib file="${apps.dir}/lib/jaxen-1.1.6.jar" />
			<lib file="${apps.dir}/lib/jaxp-api.jar" />
			<lib file="${apps.dir}/lib/jboss-logging-3.3.0.Final.jar" />
			<lib file="${apps.dir}/lib/jboss-logmanager-2.0.3.Final.jar" />
			<lib file="${apps.dir}/lib/jcifs-1.3.12.jar" />
			<lib file="${apps.dir}/lib/jcl-over-slf4j-1.7.25.jar" />
			<lib file="${apps.dir}/lib/jdbc2_0-stdext.jar" />
			<lib file="${apps.dir}/lib/jgroups-all.jar" />
			<lib file="${apps.dir}/lib/json-lib-2.4-jdk15.jar" />
			<lib file="${apps.dir}/lib/json-taglib-0.4.1.jar" />
			<lib file="${apps.dir}/lib/jstl.jar" />
			<lib file="${apps.dir}/lib/jtidy-r938.jar" />
			<lib file="${apps.dir}/lib/libphonenumber-4.7.jar" />
			<lib file="${apps.dir}/lib/log4j-1.2.17.jar" />
			<lib file="${apps.dir}/lib/lucene-core-6.6.1.jar" />
			<lib file="${apps.dir}/lib/mail-1.4.jar" />
			<lib file="${apps.dir}/lib/milyn-smooks-all-1.5.1.jar" />
			<lib file="${apps.dir}/lib/mindbody/appointments-5.1.0.jar" />
			<lib file="${apps.dir}/lib/mindbody/class-5.1.0.jar" />
			<lib file="${apps.dir}/lib/mindbody/client-5.1.0.jar" />
			<lib file="${apps.dir}/lib/mindbody/sale-5.1.0.jar" />
			<lib file="${apps.dir}/lib/mindbody/site-5.1.0.jar" />
			<lib file="${apps.dir}/lib/mindbody/staff-5.1.0.jar" />
			<lib file="${apps.dir}/lib/neethi-3.0.2.jar" />
			<lib file="${apps.dir}/lib/netty-all-4.1.6.Final.jar" />
			<lib file="${apps.dir}/lib/noggit-0.6.jar" />
			<lib file="${apps.dir}/lib/oscache-2.4.1.jar" />
			<lib file="${apps.dir}/lib/pd4ml_demo.jar" />
			<lib file="${apps.dir}/lib/pdfbox-1.8.11.jar" />
			<lib file="${apps.dir}/lib/pdfbox-lucene-1.8.2.jar" />
			<lib file="${apps.dir}/lib/poi-3.13-20150929.jar" />
			<lib file="${apps.dir}/lib/poi-excelant-3.13-20150929.jar" />
			<lib file="${apps.dir}/lib/poi-ooxml-3.13-20150929.jar" />
			<lib file="${apps.dir}/lib/poi-ooxml-schemas-3.13-20150929.jar" />
			<lib file="${apps.dir}/lib/poi-scratchpad-3.13-20150929.jar" />
			<lib file="${apps.dir}/lib/polygon.jar" />
			<lib file="${apps.dir}/lib/postgresql-42.1.1.jar" />
			<lib file="${apps.dir}/lib/rchart2.jar" />
			<lib file="${apps.dir}/lib/sax.jar" />
			<lib file="${apps.dir}/lib/saxpath.jar" />
			<lib file="${apps.dir}/lib/slf4j-api-1.7.25.jar" />
			<lib file="${apps.dir}/lib/slf4j-log4j12-1.7.25.jar" />
			<lib file="${apps.dir}/lib/slf4j-simple-1.7.25.jar" />
			<lib file="${apps.dir}/lib/snakeyaml-1.18.jar" />
			<lib file="${apps.dir}/lib/solr-solrj-6.6.1.jar" />
			<lib file="${apps.dir}/lib/solr-core-6.6.1.jar" />
			<lib file="${apps.dir}/lib/ss_css2.jar" />
			<lib file="${apps.dir}/lib/standard.jar" />
			<lib file="${apps.dir}/lib/ua-parser-1.3.1-SNAPSHOT.jar" />
			<lib file="${apps.dir}/lib/wsdl4j-1.5.1.jar" />
			<lib file="${apps.dir}/lib/wstx-asl-3.2.7.jar" />
			<lib file="${apps.dir}/lib/xalan.jar" />
			<lib file="${apps.dir}/lib/xercesImpl.jar" />
			<lib file="${apps.dir}/lib/xml-apis-ext.jar" />
			<lib file="${apps.dir}/lib/xml-apis.jar" />
			<lib file="${apps.dir}/lib/xmlbeans-2.6.0.jar" />
			<lib file="${apps.dir}/lib/zoho-projects.jar" />
			<lib file="${apps.dir}/lib/zookeeper-3.4.10.jar" />
			<lib file="${apps.dir}/lib/zxing-client.3.2.1.jar" />
			<lib file="${apps.dir}/lib/zxing-core.3.2.1.jar" />
		</war>
	</target>
	
	
	<!-- Builds the SB staging & UAT instances for the staging server -->
	<target name="stagingSb" depends="WC_Custom">
		<!-- run a loop around the war files we need to compile, so they're all built the same way -->
		<foreach list="sb, sb_uat" 
			delimiter="," param="server" inheritall="true" inheritrefs="true" trim="true" 
			target="makeSBStagingWar"
		/>
	</target>

	<!-- compiles the SB staging & UAT war file for the given server (a passed arg "server") -->
	<target name="makeSBStagingWar">
		<war destfile="${builds.dir}/wc-staging-01_${server}.war" webxml="${sb.builds}/staging/${server}/web.xml" duplicate="preserve">
			<fileset dir="${sb.dir}/WebRoot">
				<exclude name="**/META-INF/context.xml" />
				<exclude name="**/WEB-INF/classes/**" />
			</fileset>
			<classes dir="${sb.builds}/staging/${server}" includes="oscache.properties" />
			<metainf file="${sb.builds}/staging/${server}/context.xml" />
			<metainf file="${git.dir}/sb_branches.properties" /> <!-- This file contains the branches of all contributing git projects -->
			<lib file="${sb.builds}/staging/${server}/sb_config.properties" />
			<lib file="${sb.builds}/staging/${server}/sb_log4j.xml" />
			<!-- compiled project jars -->
			<lib file="${lib.dir}/siliconmtn.jar" />
			<lib file="${lib.dir}/siliconmtn_lms.jar" />
			<lib file="${lib.dir}/wc_custom.jar" />
			<lib file="${lib.dir}/sitebuilder.jar" />
			<lib file="${lib.dir}/smtproxy.jar" />
			<lib file="${lib.dir}/emailCampaigns.jar" />
			<lib file="${lib.dir}/datafeed.jar" />
			<!-- SMT core AppLibs jars used by this project -->
			<lib file="${apps.dir}/lib/activation.jar" />
			<lib file="${apps.dir}/lib/artemis-commons-2.0.0.jar" />
			<lib file="${apps.dir}/lib/artemis-core-client-2.0.0.jar" />
			<lib file="${apps.dir}/lib/artemis-jms-client-2.0.0.jar" />
			<lib file="${apps.dir}/lib/artemis-selector-2.0.0.jar" />
			<lib file="${apps.dir}/lib/axis2/axiom-api-1.2.13.jar" />
			<lib file="${apps.dir}/lib/axis2/axiom-impl-1.2.13.jar" />
			<lib file="${apps.dir}/lib/axis2/axis2-adb-1.6.2.jar" />
			<lib file="${apps.dir}/lib/axis2/axis2-kernel-1.6.2.jar" />
			<lib file="${apps.dir}/lib/axis2/axis2-transport-http-1.6.2.jar" />
			<lib file="${apps.dir}/lib/axis2/axis2-transport-local-1.6.2.jar" />
			<lib file="${apps.dir}/lib/axis2/axis2-xmlbeans-1.6.2.jar" />
			<lib file="${apps.dir}/lib/axis2/XmlSchema-1.4.7.jar" />
			<lib file="${apps.dir}/lib/barcode4j.jar" />
			<lib file="${apps.dir}/lib/commons-beanutils-1.9.2.jar" />
			<lib file="${apps.dir}/lib/commons-codec-1.3.jar" />
			<lib file="${apps.dir}/lib/commons-collections-3.2.1.jar" />
			<lib file="${apps.dir}/lib/commons-discovery-0.2.jar" />
			<lib file="${apps.dir}/lib/commons-fileupload-1.2.2.jar" />
			<lib file="${apps.dir}/lib/commons-httpclient-3.1.jar" />
			<lib file="${apps.dir}/lib/commons-io-2.4.jar" />
			<lib file="${apps.dir}/lib/commons-lang-2.4.jar" />
			<lib file="${apps.dir}/lib/commons-lang3-3.1.jar" />
			<lib file="${apps.dir}/lib/commons-logging-1.1.jar" />
			<lib file="${apps.dir}/lib/commons-net-3.5.jar" />
			<lib file="${apps.dir}/lib/core-renderer.jar" />
			<lib file="${apps.dir}/lib/cos.jar" />
			<lib file="${apps.dir}/lib/dom4j-1.6.1.jar" />
			<lib file="${apps.dir}/lib/ezmorph-1.0.6.jar" />
			<lib file="${apps.dir}/lib/fontbox-1.8.11.jar" />
			<lib file="${apps.dir}/lib/freemarker.jar" />
			<lib file="${apps.dir}/lib/ganymed-ssh2-build251beta1.jar" />
			<lib file="${apps.dir}/lib/geronimo-jms_2.0_spec-1.0-alpha-2.jar" />
			<lib file="${apps.dir}/lib/geronimo-json_1.0_spec-1.0-alpha-1.jar" />
			<lib file="${apps.dir}/lib/google-http-client-1.20.0.jar" />
			<lib file="${apps.dir}/lib/google-http-client-jackson2-1.20.0.jar" />
			<lib file="${apps.dir}/lib/google-oauth-client-1.20.0.jar" />
			<lib file="${apps.dir}/lib/google-oauth-client-java6-1.20.0.jar" />
			<lib file="${apps.dir}/lib/gson-2.2.4.jar" />
			<lib file="${apps.dir}/lib/httpclient-4.4.1.jar" />
			<lib file="${apps.dir}/lib/httpcore-4.4.1.jar" />
			<lib file="${apps.dir}/lib/httpmime-4.4.1.jar" />
			<lib file="${apps.dir}/lib/iText-2.1.1.jar" />
			<lib file="${apps.dir}/lib/jackson-core-2.1.3.jar" />
			<lib file="${apps.dir}/lib/jawr-core-3.5.2.jar" />
			<lib file="${apps.dir}/lib/jaxen-1.1.6.jar" />
			<lib file="${apps.dir}/lib/jaxp-api.jar" />
			<lib file="${apps.dir}/lib/jboss-logging-3.3.0.Final.jar" />
			<lib file="${apps.dir}/lib/jboss-logmanager-2.0.3.Final.jar" />
			<lib file="${apps.dir}/lib/jcifs-1.3.12.jar" />
			<lib file="${apps.dir}/lib/jcl-over-slf4j-1.7.25.jar" />
			<lib file="${apps.dir}/lib/jdbc2_0-stdext.jar" />
			<lib file="${apps.dir}/lib/jgroups-all.jar" />
			<lib file="${apps.dir}/lib/json-lib-2.4-jdk15.jar" />
			<lib file="${apps.dir}/lib/json-taglib-0.4.1.jar" />
			<lib file="${apps.dir}/lib/jstl.jar" />
			<lib file="${apps.dir}/lib/jtidy-r938.jar" />
			<lib file="${apps.dir}/lib/libphonenumber-4.7.jar" />
			<lib file="${apps.dir}/lib/log4j-1.2.17.jar" />
			<lib file="${apps.dir}/lib/lucene-core-6.6.1.jar" />
			<lib file="${apps.dir}/lib/mail-1.4.jar" />
			<lib file="${apps.dir}/lib/milyn-smooks-all-1.5.1.jar" />
			<lib file="${apps.dir}/lib/mindbody/appointments-5.1.0.jar" />
			<lib file="${apps.dir}/lib/mindbody/class-5.1.0.jar" />
			<lib file="${apps.dir}/lib/mindbody/client-5.1.0.jar" />
			<lib file="${apps.dir}/lib/mindbody/sale-5.1.0.jar" />
			<lib file="${apps.dir}/lib/mindbody/site-5.1.0.jar" />
			<lib file="${apps.dir}/lib/mindbody/staff-5.1.0.jar" />
			<lib file="${apps.dir}/lib/neethi-3.0.2.jar" />
			<lib file="${apps.dir}/lib/netty-all-4.1.6.Final.jar" />
			<lib file="${apps.dir}/lib/noggit-0.6.jar" />
			<lib file="${apps.dir}/lib/oscache-2.4.1.jar" />
			<lib file="${apps.dir}/lib/pd4ml_demo.jar" />
			<lib file="${apps.dir}/lib/pdfbox-1.8.11.jar" />
			<lib file="${apps.dir}/lib/pdfbox-lucene-1.8.2.jar" />
			<lib file="${apps.dir}/lib/poi-3.13-20150929.jar" />
			<lib file="${apps.dir}/lib/poi-excelant-3.13-20150929.jar" />
			<lib file="${apps.dir}/lib/poi-ooxml-3.13-20150929.jar" />
			<lib file="${apps.dir}/lib/poi-ooxml-schemas-3.13-20150929.jar" />
			<lib file="${apps.dir}/lib/poi-scratchpad-3.13-20150929.jar" />
			<lib file="${apps.dir}/lib/polygon.jar" />
			<lib file="${apps.dir}/lib/postgresql-42.1.1.jar" />
			<lib file="${apps.dir}/lib/rchart2.jar" />
			<lib file="${apps.dir}/lib/sax.jar" />
			<lib file="${apps.dir}/lib/saxpath.jar" />
			<lib file="${apps.dir}/lib/slf4j-api-1.7.25.jar" />
			<lib file="${apps.dir}/lib/slf4j-log4j12-1.7.25.jar" />
			<lib file="${apps.dir}/lib/slf4j-simple-1.7.25.jar" />
			<lib file="${apps.dir}/lib/snakeyaml-1.18.jar" />
			<lib file="${apps.dir}/lib/solr-solrj-6.6.1.jar" />
			<lib file="${apps.dir}/lib/solr-core-6.6.1.jar" />
			<!-- MSSQL is used by LMS -->
			<lib file="${apps.dir}/lib/sqljdbc41.jar" />
			<lib file="${apps.dir}/lib/ss_css2.jar" />
			<lib file="${apps.dir}/lib/standard.jar" />
			<lib file="${apps.dir}/lib/ua-parser-1.3.1-SNAPSHOT.jar" />
			<lib file="${apps.dir}/lib/wsdl4j-1.5.1.jar" />
			<lib file="${apps.dir}/lib/wstx-asl-3.2.7.jar" />
			<lib file="${apps.dir}/lib/xalan.jar" />
			<lib file="${apps.dir}/lib/xercesImpl.jar" />
			<lib file="${apps.dir}/lib/xml-apis-ext.jar" />
			<lib file="${apps.dir}/lib/xml-apis.jar" />
			<lib file="${apps.dir}/lib/xmlbeans-2.6.0.jar" />
			<lib file="${apps.dir}/lib/zoho-projects.jar" />
			<lib file="${apps.dir}/lib/zookeeper-3.4.10.jar" />
			<lib file="${apps.dir}/lib/zxing-client.3.2.1.jar" />
			<lib file="${apps.dir}/lib/zxing-core.3.2.1.jar" />
		</war>
	</target>
	
	
	
	
	<!-- compiles the RAM production war file for the given server (a passed arg "server") -->
	<target name="ramgrp" depends="WC_Custom">
		<war destfile="${builds.dir}/ramgrp.war" webxml="${sb.builds}/production/ramgrp/web.xml" duplicate="preserve">
			<fileset dir="${sb.dir}/WebRoot">
				<exclude name="**/META-INF/context.xml" />
				<exclude name="**/WEB-INF/classes/**" />
			</fileset>
			<classes dir="${sb.builds}/production/ramgrp" includes="oscache.properties" />
			<metainf file="${sb.builds}/production/ramgrp/context.xml" />
			<metainf file="${git.dir}/sb_branches.properties" /> <!-- This file contains the branches of all contributing git projects -->
			<lib file="${sb.builds}/production/ramgrp/sb_config.properties" />
			<lib file="${sb.builds}/production/ramgrp/sb_log4j.xml" />
			<!-- compiled project jars -->
			<lib file="${lib.dir}/siliconmtn.jar" />
			<lib file="${lib.dir}/siliconmtn_lms.jar" />
			<lib file="${lib.dir}/wc_custom.jar" />
			<lib file="${lib.dir}/sitebuilder.jar" />
			<lib file="${lib.dir}/ram_data_feed.jar" />
			<lib file="${lib.dir}/smtproxy.jar" />
			<lib file="${lib.dir}/emailCampaigns.jar" />
			<!-- SMT core AppLibs jars used by this project -->
			<lib file="${apps.dir}/lib/activation.jar" />
			<lib file="${apps.dir}/lib/artemis-commons-2.0.0.jar" />
			<lib file="${apps.dir}/lib/artemis-core-client-2.0.0.jar" />
			<lib file="${apps.dir}/lib/artemis-jms-client-2.0.0.jar" />
			<lib file="${apps.dir}/lib/artemis-selector-2.0.0.jar" />
			<lib file="${apps.dir}/lib/barcode4j.jar" />
			<lib file="${apps.dir}/lib/commons-beanutils-1.9.2.jar" />
			<lib file="${apps.dir}/lib/commons-codec-1.3.jar" />
			<lib file="${apps.dir}/lib/commons-collections-3.2.1.jar" />
			<lib file="${apps.dir}/lib/commons-discovery-0.2.jar" />
			<lib file="${apps.dir}/lib/commons-fileupload-1.2.2.jar" />
			<lib file="${apps.dir}/lib/commons-httpclient-3.1.jar" />
			<lib file="${apps.dir}/lib/commons-io-2.4.jar" />
			<lib file="${apps.dir}/lib/commons-lang-2.4.jar" />
			<lib file="${apps.dir}/lib/commons-lang3-3.1.jar" />
			<lib file="${apps.dir}/lib/commons-logging-1.1.jar" />
			<lib file="${apps.dir}/lib/commons-net-3.5.jar" />
			<lib file="${apps.dir}/lib/core-renderer.jar" />
			<lib file="${apps.dir}/lib/cos.jar" />
			<lib file="${apps.dir}/lib/dom4j-1.6.1.jar" />
			<lib file="${apps.dir}/lib/ezmorph-1.0.6.jar" />
			<lib file="${apps.dir}/lib/fontbox-1.8.11.jar" />
			<lib file="${apps.dir}/lib/freemarker.jar" />
			<lib file="${apps.dir}/lib/ganymed-ssh2-build251beta1.jar" />
			<lib file="${apps.dir}/lib/geronimo-jms_2.0_spec-1.0-alpha-2.jar" />
			<lib file="${apps.dir}/lib/geronimo-json_1.0_spec-1.0-alpha-1.jar" />
			<lib file="${apps.dir}/lib/gson-2.2.4.jar" />
			<lib file="${apps.dir}/lib/httpclient-4.4.1.jar" />
			<lib file="${apps.dir}/lib/httpcore-4.4.1.jar" />
			<lib file="${apps.dir}/lib/httpmime-4.4.1.jar" />
			<lib file="${apps.dir}/lib/iText-2.1.1.jar" />
			<lib file="${apps.dir}/lib/jawr-core-3.5.2.jar" />
			<lib file="${apps.dir}/lib/jaxen-1.1.6.jar" />
			<lib file="${apps.dir}/lib/jaxp-api.jar" />
			<lib file="${apps.dir}/lib/jboss-logging-3.3.0.Final.jar" />
			<lib file="${apps.dir}/lib/jboss-logmanager-2.0.3.Final.jar" />
			<lib file="${apps.dir}/lib/jcifs-1.3.12.jar" />
			<lib file="${apps.dir}/lib/jcl-over-slf4j-1.7.25.jar" />
			<lib file="${apps.dir}/lib/jdbc2_0-stdext.jar" />
			<lib file="${apps.dir}/lib/jgroups-all.jar" />
			<lib file="${apps.dir}/lib/json-lib-2.4-jdk15.jar" />
			<lib file="${apps.dir}/lib/json-taglib-0.4.1.jar" />
			<lib file="${apps.dir}/lib/jstl.jar" />
			<lib file="${apps.dir}/lib/jtidy-r938.jar" />
			<lib file="${apps.dir}/lib/libphonenumber-4.7.jar" />
			<lib file="${apps.dir}/lib/log4j-1.2.17.jar" />
			<lib file="${apps.dir}/lib/lucene-core-6.6.1.jar" />
			<lib file="${apps.dir}/lib/mail-1.4.jar" />
			<lib file="${apps.dir}/lib/milyn-smooks-all-1.5.1.jar" />
			<lib file="${apps.dir}/lib/neethi-3.0.2.jar" />
			<lib file="${apps.dir}/lib/netty-all-4.1.6.Final.jar" />
			<lib file="${apps.dir}/lib/noggit-0.6.jar" />
			<lib file="${apps.dir}/lib/oscache-2.4.1.jar" />
			<lib file="${apps.dir}/lib/pd4ml_demo.jar" />
			<lib file="${apps.dir}/lib/pdfbox-1.8.11.jar" />
			<lib file="${apps.dir}/lib/pdfbox-lucene-1.8.2.jar" />
			<lib file="${apps.dir}/lib/poi-3.13-20150929.jar" />
			<lib file="${apps.dir}/lib/poi-excelant-3.13-20150929.jar" />
			<lib file="${apps.dir}/lib/poi-ooxml-3.13-20150929.jar" />
			<lib file="${apps.dir}/lib/poi-ooxml-schemas-3.13-20150929.jar" />
			<lib file="${apps.dir}/lib/poi-scratchpad-3.13-20150929.jar" />
			<lib file="${apps.dir}/lib/polygon.jar" />
			<lib file="${apps.dir}/lib/postgresql-42.1.1.jar" />
			<lib file="${apps.dir}/lib/rchart2.jar" />
			<lib file="${apps.dir}/lib/sax.jar" />
			<lib file="${apps.dir}/lib/saxpath.jar" />
			<lib file="${apps.dir}/lib/slf4j-api-1.7.25.jar" />
			<lib file="${apps.dir}/lib/slf4j-log4j12-1.7.25.jar" />
			<lib file="${apps.dir}/lib/slf4j-simple-1.7.25.jar" />
			<lib file="${apps.dir}/lib/snakeyaml-1.18.jar" />
			<lib file="${apps.dir}/lib/solr-solrj-6.6.1.jar" />
			<lib file="${apps.dir}/lib/solr-core-6.6.1.jar" />
			<lib file="${apps.dir}/lib/ss_css2.jar" />
			<lib file="${apps.dir}/lib/standard.jar" />
			<lib file="${apps.dir}/lib/ua-parser-1.3.1-SNAPSHOT.jar" />
			<lib file="${apps.dir}/lib/wsdl4j-1.5.1.jar" />
			<lib file="${apps.dir}/lib/wstx-asl-3.2.7.jar" />
			<lib file="${apps.dir}/lib/xalan.jar" />
			<lib file="${apps.dir}/lib/xercesImpl.jar" />
			<lib file="${apps.dir}/lib/xml-apis-ext.jar" />
			<lib file="${apps.dir}/lib/xml-apis.jar" />
			<lib file="${apps.dir}/lib/xmlbeans-2.6.0.jar" />
			<lib file="${apps.dir}/lib/zoho-projects.jar" />
			<lib file="${apps.dir}/lib/zookeeper-3.4.10.jar" />
			<lib file="${apps.dir}/lib/zxing-client.3.2.1.jar" />
			<lib file="${apps.dir}/lib/zxing-core.3.2.1.jar" />
		</war>
	</target>

	
	
	<!-- Builds the RAMGrp staging instance -->
	<target name="stagingRamgrp" depends="WC_Custom">
		<!-- run a loop around the war files we need to compile, so they're all built the same way -->
		<foreach list="ramgrp" 
			delimiter="," param="server" inheritall="true" inheritrefs="true" trim="true" 
			target="makeRAMStagingWar"
		/>
	</target>
					
	<!-- compiles the RAM staging war file for the given server (a passed arg "server") -->
	<target name="makeRAMStagingWar">
		<war destfile="${builds.dir}/wc-staging-01_${server}.war" webxml="${sb.builds}/staging/${server}/web.xml" duplicate="preserve">
			<fileset dir="${sb.dir}/WebRoot">
				<exclude name="**/META-INF/context.xml" />
				<exclude name="**/WEB-INF/classes/**" />
			</fileset>
			<classes dir="${sb.builds}/staging/${server}" includes="oscache.properties" />
			<metainf file="${sb.builds}/staging/${server}/context.xml" />
			<metainf file="${git.dir}/sb_branches.properties" /> <!-- This file contains the branches of all contributing git projects -->
			<lib file="${sb.builds}/staging/${server}/sb_config.properties" />
			<lib file="${sb.builds}/staging/${server}/sb_log4j.xml" />
			<!-- compiled project jars -->
			<lib file="${lib.dir}/siliconmtn.jar" />
			<lib file="${lib.dir}/siliconmtn_lms.jar" />
			<lib file="${lib.dir}/wc_custom.jar" />
			<lib file="${lib.dir}/sitebuilder.jar" />
			<lib file="${lib.dir}/ram_data_feed.jar" />
			<lib file="${lib.dir}/smtproxy.jar" />
			<lib file="${lib.dir}/emailCampaigns.jar" />
			<!-- SMT core AppLibs jars used by this project -->
			<lib file="${apps.dir}/lib/activation.jar" />
			<lib file="${apps.dir}/lib/artemis-commons-2.0.0.jar" />
			<lib file="${apps.dir}/lib/artemis-core-client-2.0.0.jar" />
			<lib file="${apps.dir}/lib/artemis-jms-client-2.0.0.jar" />
			<lib file="${apps.dir}/lib/artemis-selector-2.0.0.jar" />
			<lib file="${apps.dir}/lib/barcode4j.jar" />
			<lib file="${apps.dir}/lib/commons-beanutils-1.9.2.jar" />
			<lib file="${apps.dir}/lib/commons-codec-1.3.jar" />
			<lib file="${apps.dir}/lib/commons-collections-3.2.1.jar" />
			<lib file="${apps.dir}/lib/commons-discovery-0.2.jar" />
			<lib file="${apps.dir}/lib/commons-fileupload-1.2.2.jar" />
			<lib file="${apps.dir}/lib/commons-httpclient-3.1.jar" />
			<lib file="${apps.dir}/lib/commons-io-2.4.jar" />
			<lib file="${apps.dir}/lib/commons-lang-2.4.jar" />
			<lib file="${apps.dir}/lib/commons-lang3-3.1.jar" />
			<lib file="${apps.dir}/lib/commons-logging-1.1.jar" />
			<lib file="${apps.dir}/lib/commons-net-3.5.jar" />
			<lib file="${apps.dir}/lib/core-renderer.jar" />
			<lib file="${apps.dir}/lib/cos.jar" />
			<lib file="${apps.dir}/lib/dom4j-1.6.1.jar" />
			<lib file="${apps.dir}/lib/ezmorph-1.0.6.jar" />
			<lib file="${apps.dir}/lib/fontbox-1.8.11.jar" />
			<lib file="${apps.dir}/lib/freemarker.jar" />
			<lib file="${apps.dir}/lib/ganymed-ssh2-build251beta1.jar" />
			<lib file="${apps.dir}/lib/geronimo-jms_2.0_spec-1.0-alpha-2.jar" />
			<lib file="${apps.dir}/lib/geronimo-json_1.0_spec-1.0-alpha-1.jar" />
			<lib file="${apps.dir}/lib/gson-2.2.4.jar" />
			<lib file="${apps.dir}/lib/httpclient-4.4.1.jar" />
			<lib file="${apps.dir}/lib/httpcore-4.4.1.jar" />
			<lib file="${apps.dir}/lib/httpmime-4.4.1.jar" />
			<lib file="${apps.dir}/lib/iText-2.1.1.jar" />
			<lib file="${apps.dir}/lib/jawr-core-3.5.2.jar" />
			<lib file="${apps.dir}/lib/jaxen-1.1.6.jar" />
			<lib file="${apps.dir}/lib/jaxp-api.jar" />
			<lib file="${apps.dir}/lib/jboss-logging-3.3.0.Final.jar" />
			<lib file="${apps.dir}/lib/jboss-logmanager-2.0.3.Final.jar" />
			<lib file="${apps.dir}/lib/jcifs-1.3.12.jar" />
			<lib file="${apps.dir}/lib/jcl-over-slf4j-1.7.25.jar" />
			<lib file="${apps.dir}/lib/jdbc2_0-stdext.jar" />
			<lib file="${apps.dir}/lib/jgroups-all.jar" />
			<lib file="${apps.dir}/lib/json-lib-2.4-jdk15.jar" />
			<lib file="${apps.dir}/lib/json-taglib-0.4.1.jar" />
			<lib file="${apps.dir}/lib/jstl.jar" />
			<lib file="${apps.dir}/lib/jtidy-r938.jar" />
			<lib file="${apps.dir}/lib/libphonenumber-4.7.jar" />
			<lib file="${apps.dir}/lib/log4j-1.2.17.jar" />
			<lib file="${apps.dir}/lib/lucene-core-6.6.1.jar" />
			<lib file="${apps.dir}/lib/mail-1.4.jar" />
			<lib file="${apps.dir}/lib/milyn-smooks-all-1.5.1.jar" />
			<lib file="${apps.dir}/lib/neethi-3.0.2.jar" />
			<lib file="${apps.dir}/lib/netty-all-4.1.6.Final.jar" />
			<lib file="${apps.dir}/lib/noggit-0.6.jar" />
			<lib file="${apps.dir}/lib/oscache-2.4.1.jar" />
			<lib file="${apps.dir}/lib/pd4ml_demo.jar" />
			<lib file="${apps.dir}/lib/pdfbox-1.8.11.jar" />
			<lib file="${apps.dir}/lib/pdfbox-lucene-1.8.2.jar" />
			<lib file="${apps.dir}/lib/poi-3.13-20150929.jar" />
			<lib file="${apps.dir}/lib/poi-excelant-3.13-20150929.jar" />
			<lib file="${apps.dir}/lib/poi-ooxml-3.13-20150929.jar" />
			<lib file="${apps.dir}/lib/poi-ooxml-schemas-3.13-20150929.jar" />
			<lib file="${apps.dir}/lib/poi-scratchpad-3.13-20150929.jar" />
			<lib file="${apps.dir}/lib/polygon.jar" />
			<lib file="${apps.dir}/lib/postgresql-42.1.1.jar" />
			<lib file="${apps.dir}/lib/rchart2.jar" />
			<lib file="${apps.dir}/lib/sax.jar" />
			<lib file="${apps.dir}/lib/saxpath.jar" />
			<lib file="${apps.dir}/lib/slf4j-api-1.7.25.jar" />
			<lib file="${apps.dir}/lib/slf4j-log4j12-1.7.25.jar" />
			<lib file="${apps.dir}/lib/slf4j-simple-1.7.25.jar" />
			<lib file="${apps.dir}/lib/snakeyaml-1.18.jar" />
			<lib file="${apps.dir}/lib/solr-solrj-6.6.1.jar" />
			<lib file="${apps.dir}/lib/solr-core-6.6.1.jar" />
			<lib file="${apps.dir}/lib/ss_css2.jar" />
			<lib file="${apps.dir}/lib/standard.jar" />
			<lib file="${apps.dir}/lib/ua-parser-1.3.1-SNAPSHOT.jar" />
			<lib file="${apps.dir}/lib/wsdl4j-1.5.1.jar" />
			<lib file="${apps.dir}/lib/wstx-asl-3.2.7.jar" />
			<lib file="${apps.dir}/lib/xalan.jar" />
			<lib file="${apps.dir}/lib/xercesImpl.jar" />
			<lib file="${apps.dir}/lib/xml-apis-ext.jar" />
			<lib file="${apps.dir}/lib/xml-apis.jar" />
			<lib file="${apps.dir}/lib/xmlbeans-2.6.0.jar" />
			<lib file="${apps.dir}/lib/zoho-projects.jar" />
			<lib file="${apps.dir}/lib/zookeeper-3.4.10.jar" />
			<lib file="${apps.dir}/lib/zxing-client.3.2.1.jar" />
			<lib file="${apps.dir}/lib/zxing-core.3.2.1.jar" />
		</war>
	</target>



	<!-- compiles the DePuy production war file for the given server (a passed arg "server") -->
	<target name="depuy" depends="WC_Custom">
		<war destfile="${builds.dir}/DePuy.war" webxml="${sb.builds}/production/DePuy/web.xml" duplicate="preserve">
			<fileset dir="${sb.dir}/WebRoot">
				<exclude name="**/META-INF/context.xml" />
				<exclude name="**/WEB-INF/classes/**" />
			</fileset>
			<!-- copy the DePuySurgeonLocator JSPs over from the separate project into WC -->
			<fileset dir="${dpy.locator.dir}/WebRoot">
				<exclude name="**/META-INF/context.xml" />
				<exclude name="**/WEB-INF/classes/**" />
			</fileset>
			<classes dir="${sb.builds}/production/DePuy" includes="oscache.properties" />
			<metainf file="${sb.builds}/production/DePuy/context.xml" />
			<metainf file="${git.dir}/sb_branches.properties" /> <!-- This file contains the branches of all contributing git projects -->
			<lib file="${sb.builds}/production/DePuy/sb_config.properties" />
			<lib file="${sb.builds}/production/DePuy/sb_log4j.xml" />
			<!-- compiled project jars -->
			<lib file="${lib.dir}/siliconmtn.jar" />
			<lib file="${lib.dir}/siliconmtn_lms.jar" />
			<lib file="${lib.dir}/wc_custom.jar" />
			<lib file="${lib.dir}/sitebuilder.jar" />
			<lib file="${lib.dir}/datafeed.jar" />
			<lib file="${lib.dir}/depuysurgeonlocator.jar" />
			<lib file="${lib.dir}/smtproxy.jar" />
			<lib file="${lib.dir}/emailCampaigns.jar" />
			<!-- SMT core AppLibs jars used by this project -->
			<lib file="${apps.dir}/lib/activation.jar" />
			<lib file="${apps.dir}/lib/axis2/axiom-api-1.2.13.jar" />
			<lib file="${apps.dir}/lib/axis2/axiom-impl-1.2.13.jar" />
			<lib file="${apps.dir}/lib/axis2/axis2-adb-1.6.2.jar" />
			<lib file="${apps.dir}/lib/axis2/axis2-kernel-1.6.2.jar" />
			<lib file="${apps.dir}/lib/axis2/axis2-transport-http-1.6.2.jar" />
			<lib file="${apps.dir}/lib/axis2/axis2-transport-local-1.6.2.jar" />
			<lib file="${apps.dir}/lib/axis2/XmlSchema-1.4.7.jar" />
			<lib file="${apps.dir}/lib/artemis-commons-2.0.0.jar" />
			<lib file="${apps.dir}/lib/artemis-core-client-2.0.0.jar" />
			<lib file="${apps.dir}/lib/artemis-jms-client-2.0.0.jar" />
			<lib file="${apps.dir}/lib/artemis-selector-2.0.0.jar" />
			<lib file="${apps.dir}/lib/barcode4j.jar" />
			<lib file="${apps.dir}/lib/commons-beanutils-1.9.2.jar" />
			<lib file="${apps.dir}/lib/commons-codec-1.3.jar" />
			<lib file="${apps.dir}/lib/commons-collections-3.2.1.jar" />
			<lib file="${apps.dir}/lib/commons-discovery-0.2.jar" />
			<lib file="${apps.dir}/lib/commons-fileupload-1.2.2.jar" />
			<lib file="${apps.dir}/lib/commons-httpclient-3.1.jar" />
			<lib file="${apps.dir}/lib/commons-io-2.4.jar" />
			<lib file="${apps.dir}/lib/commons-lang-2.4.jar" />
			<lib file="${apps.dir}/lib/commons-lang3-3.1.jar" />
			<lib file="${apps.dir}/lib/commons-logging-1.1.jar" />
			<lib file="${apps.dir}/lib/commons-net-3.5.jar" />
			<lib file="${apps.dir}/lib/core-renderer.jar" />
			<lib file="${apps.dir}/lib/cos.jar" />
			<lib file="${apps.dir}/lib/dom4j-1.6.1.jar" />
			<lib file="${apps.dir}/lib/ezmorph-1.0.6.jar" />
			<lib file="${apps.dir}/lib/fontbox-1.8.11.jar" />
			<lib file="${apps.dir}/lib/freemarker.jar" />
			<lib file="${apps.dir}/lib/ganymed-ssh2-build251beta1.jar" />
			<lib file="${apps.dir}/lib/geronimo-jms_2.0_spec-1.0-alpha-2.jar" />
			<lib file="${apps.dir}/lib/geronimo-json_1.0_spec-1.0-alpha-1.jar" />
			<lib file="${apps.dir}/lib/gson-2.2.4.jar" />
			<lib file="${apps.dir}/lib/httpclient-4.4.1.jar" />
			<lib file="${apps.dir}/lib/httpcore-4.4.1.jar" />
			<lib file="${apps.dir}/lib/httpmime-4.4.1.jar" />
			<lib file="${apps.dir}/lib/iText-2.1.1.jar" />
			<lib file="${apps.dir}/lib/jawr-core-3.5.2.jar" />
			<lib file="${apps.dir}/lib/jaxen-1.1.6.jar" />
			<lib file="${apps.dir}/lib/jaxp-api.jar" />
			<lib file="${apps.dir}/lib/jboss-logging-3.3.0.Final.jar" />
			<lib file="${apps.dir}/lib/jboss-logmanager-2.0.3.Final.jar" />
			<lib file="${apps.dir}/lib/jcifs-1.3.12.jar" />
			<lib file="${apps.dir}/lib/jcl-over-slf4j-1.7.25.jar" />
			<lib file="${apps.dir}/lib/jdbc2_0-stdext.jar" />
			<lib file="${apps.dir}/lib/jgroups-all.jar" />
			<lib file="${apps.dir}/lib/json-lib-2.4-jdk15.jar" />
			<lib file="${apps.dir}/lib/json-taglib-0.4.1.jar" />
			<lib file="${apps.dir}/lib/jstl.jar" />
			<lib file="${apps.dir}/lib/jtidy-r938.jar" />
			<lib file="${apps.dir}/lib/libphonenumber-4.7.jar" />
			<lib file="${apps.dir}/lib/log4j-1.2.17.jar" />
			<lib file="${apps.dir}/lib/lucene-core-6.6.1.jar" />
			<lib file="${apps.dir}/lib/mail-1.4.jar" />
			<lib file="${apps.dir}/lib/milyn-smooks-all-1.5.1.jar" />
			<lib file="${apps.dir}/lib/neethi-3.0.2.jar" />
			<lib file="${apps.dir}/lib/netty-all-4.1.6.Final.jar" />
			<lib file="${apps.dir}/lib/noggit-0.6.jar" />
			<lib file="${apps.dir}/lib/oscache-2.4.1.jar" />
			<lib file="${apps.dir}/lib/pd4ml_demo.jar" />
			<lib file="${apps.dir}/lib/pdfbox-1.8.11.jar" />
			<lib file="${apps.dir}/lib/pdfbox-lucene-1.8.2.jar" />
			<lib file="${apps.dir}/lib/poi-3.13-20150929.jar" />
			<lib file="${apps.dir}/lib/poi-excelant-3.13-20150929.jar" />
			<lib file="${apps.dir}/lib/poi-ooxml-3.13-20150929.jar" />
			<lib file="${apps.dir}/lib/poi-ooxml-schemas-3.13-20150929.jar" />
			<lib file="${apps.dir}/lib/poi-scratchpad-3.13-20150929.jar" />
			<lib file="${apps.dir}/lib/polygon.jar" />
			<lib file="${apps.dir}/lib/postgresql-42.1.1.jar" />
			<lib file="${apps.dir}/lib/rchart2.jar" />
			<lib file="${apps.dir}/lib/sax.jar" />
			<lib file="${apps.dir}/lib/saxpath.jar" />
			<lib file="${apps.dir}/lib/slf4j-api-1.7.25.jar" />
			<lib file="${apps.dir}/lib/slf4j-log4j12-1.7.25.jar" />
			<lib file="${apps.dir}/lib/slf4j-simple-1.7.25.jar" />
			<lib file="${apps.dir}/lib/snakeyaml-1.18.jar" />
			<lib file="${apps.dir}/lib/solr-solrj-6.6.1.jar" />
			<lib file="${apps.dir}/lib/solr-core-6.6.1.jar" />
			<lib file="${apps.dir}/lib/ss_css2.jar" />
			<lib file="${apps.dir}/lib/standard.jar" />
			<lib file="${apps.dir}/lib/ua-parser-1.3.1-SNAPSHOT.jar" />
			<lib file="${apps.dir}/lib/wsdl4j-1.5.1.jar" />
			<lib file="${apps.dir}/lib/wstx-asl-3.2.7.jar" />
			<lib file="${apps.dir}/lib/xalan.jar" />
			<lib file="${apps.dir}/lib/xercesImpl.jar" />
			<lib file="${apps.dir}/lib/xml-apis-ext.jar" />
			<lib file="${apps.dir}/lib/xml-apis.jar" />
			<lib file="${apps.dir}/lib/xmlbeans-2.6.0.jar" />
			<lib file="${apps.dir}/lib/zoho-projects.jar" />
			<lib file="${apps.dir}/lib/zookeeper-3.4.10.jar" />
			<lib file="${apps.dir}/lib/zxing-client.3.2.1.jar" />
			<lib file="${apps.dir}/lib/zxing-core.3.2.1.jar" />
		</war>
	</target>
	
	
	
	<!-- Build the DePuy Staging & UAT instances -->
	<target name="stagingDePuy" depends="WC_Custom">
		<!-- run a loop around the production DePuy war files we need to compile, so they're all built the same way -->
		<!-- removed from this loop but still supported: DePuy_uat4, DePuy_uat5 -JM- 12-27-2017 -->
		<foreach list="DePuy, DePuy_uat, DePuy_uat2, DePuy_uat3" 
			delimiter="," param="server" inheritall="true" inheritrefs="true" trim="true" 
			target="makeDePuyStagingWar"
		/>
	</target>
			
	<!-- compiles the DePuy staging or UAT war file for the given server (a passed arg "server") -->
	<target name="makeDePuyStagingWar">
		<war destfile="${builds.dir}/wc-staging-01_${server}.war" webxml="${sb.builds}/staging/${server}/web.xml" duplicate="preserve">
			<fileset dir="${sb.dir}/WebRoot">
				<exclude name="**/META-INF/context.xml" />
				<exclude name="**/WEB-INF/classes/**" />
			</fileset>
			<!-- copy the DePuySurgeonLocator JSPs over from the separate project into WC -->
			<fileset dir="${dpy.locator.dir}/WebRoot">
				<exclude name="**/META-INF/context.xml" />
				<exclude name="**/WEB-INF/classes/**" />
			</fileset>
			<classes dir="${sb.builds}/staging/${server}" includes="oscache.properties" />
			<metainf file="${sb.builds}/staging/${server}/context.xml" />
			<metainf file="${git.dir}/sb_branches.properties" /> <!-- This file contains the branches of all contributing git projects -->
			<lib file="${sb.builds}/staging/${server}/sb_config.properties" />
			<lib file="${sb.builds}/staging/${server}/sb_log4j.xml" />
			<!-- compiled project jars -->
			<lib file="${lib.dir}/siliconmtn.jar" />
			<lib file="${lib.dir}/siliconmtn_lms.jar" />
			<lib file="${lib.dir}/wc_custom.jar" />
			<lib file="${lib.dir}/sitebuilder.jar" />
			<lib file="${lib.dir}/datafeed.jar" />
			<lib file="${lib.dir}/depuysurgeonlocator.jar" />
			<lib file="${lib.dir}/smtproxy.jar" />
			<lib file="${lib.dir}/emailCampaigns.jar" />
			<!-- SMT core AppLibs jars used by this project -->
			<lib file="${apps.dir}/lib/activation.jar" />
			<lib file="${apps.dir}/lib/axis2/axiom-api-1.2.13.jar" />
			<lib file="${apps.dir}/lib/axis2/axiom-impl-1.2.13.jar" />
			<lib file="${apps.dir}/lib/axis2/axis2-adb-1.6.2.jar" />
			<lib file="${apps.dir}/lib/axis2/axis2-kernel-1.6.2.jar" />
			<lib file="${apps.dir}/lib/axis2/axis2-transport-http-1.6.2.jar" />
			<lib file="${apps.dir}/lib/axis2/axis2-transport-local-1.6.2.jar" />
			<lib file="${apps.dir}/lib/axis2/XmlSchema-1.4.7.jar" />
			<lib file="${apps.dir}/lib/artemis-commons-2.0.0.jar" />
			<lib file="${apps.dir}/lib/artemis-core-client-2.0.0.jar" />
			<lib file="${apps.dir}/lib/artemis-jms-client-2.0.0.jar" />
			<lib file="${apps.dir}/lib/artemis-selector-2.0.0.jar" />
			<lib file="${apps.dir}/lib/barcode4j.jar" />
			<lib file="${apps.dir}/lib/commons-beanutils-1.9.2.jar" />
			<lib file="${apps.dir}/lib/commons-codec-1.3.jar" />
			<lib file="${apps.dir}/lib/commons-collections-3.2.1.jar" />
			<lib file="${apps.dir}/lib/commons-discovery-0.2.jar" />
			<lib file="${apps.dir}/lib/commons-fileupload-1.2.2.jar" />
			<lib file="${apps.dir}/lib/commons-httpclient-3.1.jar" />
			<lib file="${apps.dir}/lib/commons-io-2.4.jar" />
			<lib file="${apps.dir}/lib/commons-lang-2.4.jar" />
			<lib file="${apps.dir}/lib/commons-lang3-3.1.jar" />
			<lib file="${apps.dir}/lib/commons-logging-1.1.jar" />
			<lib file="${apps.dir}/lib/commons-net-3.5.jar" />
			<lib file="${apps.dir}/lib/core-renderer.jar" />
			<lib file="${apps.dir}/lib/cos.jar" />
			<lib file="${apps.dir}/lib/dom4j-1.6.1.jar" />
			<lib file="${apps.dir}/lib/ezmorph-1.0.6.jar" />
			<lib file="${apps.dir}/lib/fontbox-1.8.11.jar" />
			<lib file="${apps.dir}/lib/freemarker.jar" />
			<lib file="${apps.dir}/lib/ganymed-ssh2-build251beta1.jar" />
			<lib file="${apps.dir}/lib/geronimo-jms_2.0_spec-1.0-alpha-2.jar" />
			<lib file="${apps.dir}/lib/geronimo-json_1.0_spec-1.0-alpha-1.jar" />
			<lib file="${apps.dir}/lib/gson-2.2.4.jar" />
			<lib file="${apps.dir}/lib/httpclient-4.4.1.jar" />
			<lib file="${apps.dir}/lib/httpcore-4.4.1.jar" />
			<lib file="${apps.dir}/lib/httpmime-4.4.1.jar" />
			<lib file="${apps.dir}/lib/iText-2.1.1.jar" />
			<lib file="${apps.dir}/lib/jawr-core-3.5.2.jar" />
			<lib file="${apps.dir}/lib/jaxen-1.1.6.jar" />
			<lib file="${apps.dir}/lib/jaxp-api.jar" />
			<lib file="${apps.dir}/lib/jboss-logging-3.3.0.Final.jar" />
			<lib file="${apps.dir}/lib/jboss-logmanager-2.0.3.Final.jar" />
			<lib file="${apps.dir}/lib/jcifs-1.3.12.jar" />
			<lib file="${apps.dir}/lib/jcl-over-slf4j-1.7.25.jar" />
			<lib file="${apps.dir}/lib/jdbc2_0-stdext.jar" />
			<lib file="${apps.dir}/lib/jgroups-all.jar" />
			<lib file="${apps.dir}/lib/json-lib-2.4-jdk15.jar" />
			<lib file="${apps.dir}/lib/json-taglib-0.4.1.jar" />
			<lib file="${apps.dir}/lib/jstl.jar" />
			<lib file="${apps.dir}/lib/jtidy-r938.jar" />
			<lib file="${apps.dir}/lib/libphonenumber-4.7.jar" />
			<lib file="${apps.dir}/lib/log4j-1.2.17.jar" />
			<lib file="${apps.dir}/lib/lucene-core-6.6.1.jar" />
			<lib file="${apps.dir}/lib/mail-1.4.jar" />
			<lib file="${apps.dir}/lib/milyn-smooks-all-1.5.1.jar" />
			<lib file="${apps.dir}/lib/neethi-3.0.2.jar" />
			<lib file="${apps.dir}/lib/netty-all-4.1.6.Final.jar" />
			<lib file="${apps.dir}/lib/noggit-0.6.jar" />
			<lib file="${apps.dir}/lib/oscache-2.4.1.jar" />
			<lib file="${apps.dir}/lib/pd4ml_demo.jar" />
			<lib file="${apps.dir}/lib/pdfbox-1.8.11.jar" />
			<lib file="${apps.dir}/lib/pdfbox-lucene-1.8.2.jar" />
			<lib file="${apps.dir}/lib/poi-3.13-20150929.jar" />
			<lib file="${apps.dir}/lib/poi-excelant-3.13-20150929.jar" />
			<lib file="${apps.dir}/lib/poi-ooxml-3.13-20150929.jar" />
			<lib file="${apps.dir}/lib/poi-ooxml-schemas-3.13-20150929.jar" />
			<lib file="${apps.dir}/lib/poi-scratchpad-3.13-20150929.jar" />
			<lib file="${apps.dir}/lib/polygon.jar" />
			<lib file="${apps.dir}/lib/postgresql-42.1.1.jar" />
			<lib file="${apps.dir}/lib/rchart2.jar" />
			<lib file="${apps.dir}/lib/sax.jar" />
			<lib file="${apps.dir}/lib/saxpath.jar" />
			<lib file="${apps.dir}/lib/slf4j-api-1.7.25.jar" />
			<lib file="${apps.dir}/lib/slf4j-log4j12-1.7.25.jar" />
			<lib file="${apps.dir}/lib/slf4j-simple-1.7.25.jar" />
			<lib file="${apps.dir}/lib/snakeyaml-1.18.jar" />
			<lib file="${apps.dir}/lib/solr-solrj-6.6.1.jar" />
			<lib file="${apps.dir}/lib/solr-core-6.6.1.jar" />
			<lib file="${apps.dir}/lib/ss_css2.jar" />
			<lib file="${apps.dir}/lib/standard.jar" />
			<lib file="${apps.dir}/lib/ua-parser-1.3.1-SNAPSHOT.jar" />
			<lib file="${apps.dir}/lib/wsdl4j-1.5.1.jar" />
			<lib file="${apps.dir}/lib/wstx-asl-3.2.7.jar" />
			<lib file="${apps.dir}/lib/xalan.jar" />
			<lib file="${apps.dir}/lib/xercesImpl.jar" />
			<lib file="${apps.dir}/lib/xml-apis-ext.jar" />
			<lib file="${apps.dir}/lib/xml-apis.jar" />
			<lib file="${apps.dir}/lib/xmlbeans-2.6.0.jar" />
			<lib file="${apps.dir}/lib/zoho-projects.jar" />
			<lib file="${apps.dir}/lib/zookeeper-3.4.10.jar" />
			<lib file="${apps.dir}/lib/zxing-client.3.2.1.jar" />
			<lib file="${apps.dir}/lib/zxing-core.3.2.1.jar" />
		</war>
	</target>
	
	
	

	<!-- Builds the LMS instance -->
	<target name="lms" depends="WebCrescendo">
		<war destfile="${builds.dir}/lms.war" webxml="${lms.dir}/WebContent/WEB-INF/web.xml" duplicate="preserve">
			<fileset dir="${proxy.dir}/WebContent">
				<exclude name="**/WEB-INF/config/lms_config.properties" />
				<exclude name="**/WEB-INF/config/lms_log4j.xml" />
				<exclude name="**/WEB-INF/config/oscache.properties" />
			</fileset>
			<webinf dir="${sb.dir}/builds/LMS/Staging/sb">
				<include name="**/conf/lms_config.properties" />
				<include name="**/conf/lms_log4j.xml" />
				<include name="**/conf/oscache.properties" />
			</webinf>
			<lib file="${lib.dir}/siliconmtn.jar" />
			<lib file="${lib.dir}/sitebuilder.jar" />
			<lib file="${lib.dir}/smtproxy.jar" />
			<lib file="${apps.dir}/lib/ezmorph-1.0.6.jar" />
			<lib file="${apps.dir}/lib/jdom-2.0.5.jar" />
			<lib file="${apps.dir}/lib/json-lib-2.4-jdk15.jar" />
			<lib file="${apps.dir}/lib/jstl.jar" />
			<lib file="${apps.dir}/lib/log4j-1.2.17.jar" />
			<lib file="${apps.dir}/lib/mail-1.4.jar" />
			<lib file="${apps.dir}/lib/oscache-2.4.1.jar" />
			<lib file="${apps.dir}/lib/standard.jar" />
		</war>
	</target>

	<!-- Builds the SMT Proxy Server instance for the production servers -->
	<target name="proxy" depends="WebCrescendo">
		<war destfile="${builds.dir}/production_websvc.war" webxml="${proxy.builds}/Production/config/web.xml" duplicate="preserve">
			<fileset dir="${proxy.dir}/WebContent">
				<exclude name="**/META-INF/context.xml" />
				<exclude name="**/WEB-INF/config/config.properties" />
				<exclude name="**/WEB-INF/config/log4j.xml" />
			</fileset>
			<webinf dir="${proxy.builds}/Production">
				<include name="**/config/config.properties" />
				<include name="**/config/log4j.xml" />
			</webinf>
			<metainf file="${proxy.builds}/Production/config/context.xml" />
			<lib file="${lib.dir}/siliconmtn.jar" />
			<lib file="${lib.dir}/sitebuilder.jar" />
			<lib file="${lib.dir}/smtproxy.jar" />
			<lib file="${apps.dir}/lib/anet-java-sdk-1.4.6.jar" />
			<lib file="${apps.dir}/lib/avatax4j.jar" />
			<lib file="${apps.dir}/lib/axis.jar" />
			<lib file="${apps.dir}/lib/commons-beanutils-1.9.2.jar" />
			<lib file="${apps.dir}/lib/commons-codec-1.3.jar" />
			<lib file="${apps.dir}/lib/commons-collections-3.2.1.jar" />
			<lib file="${apps.dir}/lib/commons-discovery-0.2.jar" />
			<lib file="${apps.dir}/lib/commons-fileupload-1.2.2.jar" />
			<lib file="${apps.dir}/lib/commons-lang-2.4.jar" />
			<lib file="${apps.dir}/lib/commons-lang3-3.1.jar" />
			<lib file="${apps.dir}/lib/commons-logging-1.1.jar" />
			<lib file="${apps.dir}/lib/commons-net-3.5.jar" />
			<lib file="${apps.dir}/lib/cos.jar" />
			<lib file="${apps.dir}/lib/dom4j-1.6.1.jar" />
			<lib file="${apps.dir}/lib/estes_websvc.jar" />
			<lib file="${apps.dir}/lib/ezmorph-1.0.6.jar" />
			<lib file="${apps.dir}/lib/fedex_production_jre1.7.jar" />
			<lib file="${apps.dir}/lib/gson-2.2.4.jar" />
			<lib file="${apps.dir}/lib/httpclient-4.4.1.jar" />
			<lib file="${apps.dir}/lib/httpcore-4.4.1.jar" />
			<lib file="${apps.dir}/lib/jaxen-1.1.6.jar" />
			<lib file="${apps.dir}/lib/jaxrpc.jar" />
			<lib file="${apps.dir}/lib/json-lib-2.4-jdk15.jar" />
			<lib file="${apps.dir}/lib/junit-4.12.jar" />
			<lib file="${apps.dir}/lib/libphonenumber-4.7.jar" />
			<lib file="${apps.dir}/lib/log4j-1.2.17.jar" />
			<lib file="${apps.dir}/lib/mail-1.4.jar" />
			<lib file="${apps.dir}/lib/milyn-smooks-all-1.5.1.jar" />
			<lib file="${apps.dir}/lib/postgresql-42.1.1.jar" />
			<lib file="${apps.dir}/lib/threepl_websvc.jar" />
			<lib file="${apps.dir}/lib/webservices-api.jar" />
			<lib file="${apps.dir}/lib/webservices-extra-api.jar" />
			<lib file="${apps.dir}/lib/webservices-extra.jar" />
			<lib file="${apps.dir}/lib/webservices-rt.jar" />
			<lib file="${apps.dir}/lib/wsdl4j-1.5.1.jar" />
		</war>
	</target>

	<!-- Builds the SMT Proxy Server instance for the staging server -->
	<target name="stagingProxy" depends="WebCrescendo">
		<war destfile="${builds.dir}/staging_websvc.war" webxml="${proxy.builds}/Staging/config/web.xml" duplicate="preserve">
			<fileset dir="${proxy.dir}/WebContent">
				<exclude name="**/META-INF/context.xml" />
				<exclude name="**/WEB-INF/config/config.properties" />
				<exclude name="**/WEB-INF/config/log4j.xml" />
			</fileset>
			<webinf dir="${proxy.builds}/Staging">
				<include name="**/config/config.properties" />
				<include name="**/config/log4j.xml" />
			</webinf>
			<metainf file="${proxy.builds}/Staging/config/context.xml" />
			<lib file="${lib.dir}/siliconmtn.jar" />
			<lib file="${lib.dir}/sitebuilder.jar" />
			<lib file="${lib.dir}/smtproxy.jar" />
			<lib file="${apps.dir}/lib/anet-java-sdk-1.4.6.jar" />
			<lib file="${apps.dir}/lib/avatax4j.jar" />
			<lib file="${apps.dir}/lib/axis.jar" />
			<lib file="${apps.dir}/lib/commons-beanutils-1.9.2.jar" />
			<lib file="${apps.dir}/lib/commons-codec-1.3.jar" />
			<lib file="${apps.dir}/lib/commons-collections-3.2.1.jar" />
			<lib file="${apps.dir}/lib/commons-discovery-0.2.jar" />
			<lib file="${apps.dir}/lib/commons-fileupload-1.2.2.jar" />
			<lib file="${apps.dir}/lib/commons-lang-2.4.jar" />
			<lib file="${apps.dir}/lib/commons-lang3-3.1.jar" />
			<lib file="${apps.dir}/lib/commons-logging-1.1.jar" />
			<lib file="${apps.dir}/lib/commons-net-3.5.jar" />
			<lib file="${apps.dir}/lib/cos.jar" />
			<lib file="${apps.dir}/lib/dom4j-1.6.1.jar" />
			<lib file="${apps.dir}/lib/estes_websvc.jar" />
			<lib file="${apps.dir}/lib/ezmorph-1.0.6.jar" />
			<lib file="${apps.dir}/lib/fedex_sandbox_jre1.7.jar" />
			<lib file="${apps.dir}/lib/gson-2.2.4.jar" />
			<lib file="${apps.dir}/lib/httpclient-4.4.1.jar" />
			<lib file="${apps.dir}/lib/httpcore-4.4.1.jar" />
			<lib file="${apps.dir}/lib/jaxen-1.1.6.jar" />
			<lib file="${apps.dir}/lib/jaxrpc.jar" />
			<lib file="${apps.dir}/lib/json-lib-2.4-jdk15.jar" />
			<lib file="${apps.dir}/lib/junit-4.12.jar" />
			<lib file="${apps.dir}/lib/libphonenumber-4.7.jar" />
			<lib file="${apps.dir}/lib/log4j-1.2.17.jar" />
			<lib file="${apps.dir}/lib/mail-1.4.jar" />
			<lib file="${apps.dir}/lib/milyn-smooks-all-1.5.1.jar" />
			<lib file="${apps.dir}/lib/postgresql-42.1.1.jar" />
			<lib file="${apps.dir}/lib/threepl_websvc.jar" />
			<lib file="${apps.dir}/lib/webservices-api.jar" />
			<lib file="${apps.dir}/lib/webservices-extra-api.jar" />
			<lib file="${apps.dir}/lib/webservices-extra.jar" />
			<lib file="${apps.dir}/lib/webservices-rt.jar" />
			<lib file="${apps.dir}/lib/wsdl4j-1.5.1.jar" />
		</war>
	</target>
	
	
	<!--========================================================== 		-->
	<!-- Generates Java source from JSP files for each applicable project.-->
	<!-- ========================================================== 		-->
	<target name="compile-wc-jsps">
		<!-- copy JSPs from our edge projects into the webroot, where they're expected to compile & run -->
		<copy todir="${sb.dir}/WebRoot" verbose="false">
			<fileset dir="${dpy.locator.dir}/WebRoot/">
				<include name="**/*.jsp" />
			</fileset>
		</copy>
		
		<!-- update classpath to include class files we just compiled -->
		<foreach list="WebCrescendo" 
			delimiter="," param="project" inheritall="true" inheritrefs="true" trim="true" 
			target="generate-wc-jsp-servlets"
		/>
		<foreach list="WebCrescendo" 
			delimiter="," param="project" inheritall="true" inheritrefs="true" trim="true" 
			target="compile-wc-jsp-servlets"
		/>
	</target>

	<!--========================================================== 	-->
	<!-- Generates Java source from JSP files.   					-->
	<!-- ========================================================== 	-->
	<target name="generate-wc-jsp-servlets">
		<mkdir dir="${tmp.jsp.src.dir}/WebCrescendo/${jspc.dir.prefix}"/>
		<touch file="${tmp.jsp.src.dir}/WebCrescendo/jspc-web.xml"/>
		<taskdef classname="org.apache.jasper.JspC" name="jasper2">
			<classpath>
				<path refid="classpath"/>
			</classpath>
		</taskdef>
		<jasper2 uriroot="${sb.dir}/WebRoot" package="${jspc.pkg.prefix}" 
          webXmlFragment="${tmp.jsp.src.dir}/WebCrescendo/jspc-web.xml" 
          outputDir="${tmp.jsp.src.dir}/WebCrescendo/${jspc.dir.prefix}" verbose="0"/>
	</target> 

	<!-- ========================================================== -->
	<!-- Compiles (Java class files from) the JSP servlets -->
	<!-- source code that was generated by the JspC task.           -->
	<!-- ========================================================== -->
	<target name="compile-wc-jsp-servlets">
		<mkdir dir="${tmp.jsp.classes.dir}/WebCrescendo"/>
		<javac srcdir="${tmp.jsp.src.dir}/WebCrescendo"
			destdir="${tmp.jsp.classes.dir}/WebCrescendo"
			debug="false" encoding="UTF-8" nowarn="on"
			debuglevel="lines,vars,source"
			includeantruntime="false">
				<classpath refid="classpath"/>
		</javac>
	</target>
</project>
