-- custom widgets
INSERT INTO core.module_type
(module_type_id, organization_id, module_type_nm, class_nm, admin_flg, service_url, facade_flg, global_admin_flg, display_flg, update_dt, create_dt, report_flg, cacheable_flg, clonable_flg, approvable_flg, widget_category_id, indexer_class_nm)
VALUES('REZDOX_BLOG', 'REZDOX', 'RezDox Blog', 'com.rezdox.action.BlogAction', 0, '', 1, 0, 1, '2018-04-24 22:53:27.748', '2018-04-24 22:50:14.541', 0, 0, 1, 0, 'CONTENT_MANAGEMENT', '');
INSERT INTO core.module_type
(module_type_id, organization_id, module_type_nm, class_nm, admin_flg, service_url, facade_flg, global_admin_flg, display_flg, update_dt, create_dt, report_flg, cacheable_flg, clonable_flg, approvable_flg, widget_category_id, indexer_class_nm)
VALUES('REZDOX_NOTIFICATIONS', 'REZDOX', 'RezDox Notifications', 'com.rezdox.action.MyNotificationsAction', 0, '', 0, 0, 1, NULL, '2018-04-24 11:22:58.657', 0, 0, 1, 0, 'CUSTOM', NULL);
INSERT INTO core.module_type
(module_type_id, organization_id, module_type_nm, class_nm, admin_flg, service_url, facade_flg, global_admin_flg, display_flg, update_dt, create_dt, report_flg, cacheable_flg, clonable_flg, approvable_flg, widget_category_id, indexer_class_nm)
VALUES('REZDOX_CONNECTION', 'REZDOX', 'RezDox Connection Action', 'com.rezdox.action.ConnectionAction', 0, '', 0, 0, 1, '2018-04-11 08:36:42.413', '2018-03-27 18:40:26.549', 0, 0, 1, 0, 'CUSTOM', '');
INSERT INTO core.module_type
(module_type_id, organization_id, module_type_nm, class_nm, admin_flg, service_url, facade_flg, global_admin_flg, display_flg, update_dt, create_dt, report_flg, cacheable_flg, clonable_flg, approvable_flg, widget_category_id, indexer_class_nm)
VALUES('REZDOX_HISTORY', 'REZDOX', 'RezDox Home History', 'com.rezdox.action.HomeHistoryAction', 0, '', 0, 0, 1, NULL, '2018-03-27 11:11:43.625', 0, 0, 1, 0, 'CUSTOM', NULL);
INSERT INTO core.module_type
(module_type_id, organization_id, module_type_nm, class_nm, admin_flg, service_url, facade_flg, global_admin_flg, display_flg, update_dt, create_dt, report_flg, cacheable_flg, clonable_flg, approvable_flg, widget_category_id, indexer_class_nm)
VALUES('REZDOX_MEMBER', 'REZDOX', 'RezDox Member', 'com.rezdox.action.MemberAction', 0, '', 0, 0, 1, '2018-03-30 14:29:30.427', '2018-03-24 18:02:26.213', 0, 0, 1, 0, 'CUSTOM', '');
INSERT INTO core.module_type
(module_type_id, organization_id, module_type_nm, class_nm, admin_flg, service_url, facade_flg, global_admin_flg, display_flg, update_dt, create_dt, report_flg, cacheable_flg, clonable_flg, approvable_flg, widget_category_id, indexer_class_nm)
VALUES('REZDOX_BUSINESS_REVIEW', 'REZDOX', 'RezDox Reviews', 'com.rezdox.action.BusinessReviewAction', 0, '', 0, 0, 1, '2018-03-30 09:21:37.130', '2018-03-23 14:06:14.980', 0, 0, 1, 0, 'CUSTOM', '');
INSERT INTO core.module_type
(module_type_id, organization_id, module_type_nm, class_nm, admin_flg, service_url, facade_flg, global_admin_flg, display_flg, update_dt, create_dt, report_flg, cacheable_flg, clonable_flg, approvable_flg, widget_category_id, indexer_class_nm)
VALUES('REZDOX_DSHBD', 'REZDOX', 'RezDox Dashboard', 'com.rezdox.action.DashboardAction', 0, '', 0, 0, 1, NULL, '2018-03-23 07:54:35.893', 0, 0, 1, 0, 'CUSTOM', NULL);
INSERT INTO core.module_type
(module_type_id, organization_id, module_type_nm, class_nm, admin_flg, service_url, facade_flg, global_admin_flg, display_flg, update_dt, create_dt, report_flg, cacheable_flg, clonable_flg, approvable_flg, widget_category_id, indexer_class_nm)
VALUES('REZDOX_PROJECT', 'REZDOX', 'RezDox Projects', 'com.rezdox.action.ProjectAction', 0, '', 0, 0, 1, '2018-03-23 16:29:23.792', '2018-03-22 13:04:22.937', 0, 0, 1, 0, 'CUSTOM', '');
INSERT INTO core.module_type
(module_type_id, organization_id, module_type_nm, class_nm, admin_flg, service_url, facade_flg, global_admin_flg, display_flg, update_dt, create_dt, report_flg, cacheable_flg, clonable_flg, approvable_flg, widget_category_id, indexer_class_nm)
VALUES('REZDOX_BUSINESS', 'REZDOX', 'RezDox Business', 'com.rezdox.action.BusinessAction', 0, '', 0, 0, 1, '2018-03-09 09:57:41.439', '2018-03-08 11:21:09.493', 0, 0, 1, 0, 'CUSTOM', '');
INSERT INTO core.module_type
(module_type_id, organization_id, module_type_nm, class_nm, admin_flg, service_url, facade_flg, global_admin_flg, display_flg, update_dt, create_dt, report_flg, cacheable_flg, clonable_flg, approvable_flg, widget_category_id, indexer_class_nm)
VALUES('REZDOX_SUBSCRIPTION', 'REZDOX', 'RezDox Subscription', 'com.rezdox.action.SubscriptionAction', 0, '', 0, 0, 1, '2018-03-05 08:21:01.739', '2018-03-05 08:11:57.781', 0, 0, 1, 0, 'CUSTOM', '');
INSERT INTO core.module_type
(module_type_id, organization_id, module_type_nm, class_nm, admin_flg, service_url, facade_flg, global_admin_flg, display_flg, update_dt, create_dt, report_flg, cacheable_flg, clonable_flg, approvable_flg, widget_category_id, indexer_class_nm)
VALUES('REZDOX_REWARD', 'REZDOX', 'RezDox Rewards', 'com.rezdox.action.RewardsDataTool', 1, '', 0, 0, 1, '2018-02-23 14:01:42.750', '2018-02-23 14:00:44.688', 1, 0, 1, 0, 'ADMINISTRATION', '');
INSERT INTO core.module_type
(module_type_id, organization_id, module_type_nm, class_nm, admin_flg, service_url, facade_flg, global_admin_flg, display_flg, update_dt, create_dt, report_flg, cacheable_flg, clonable_flg, approvable_flg, widget_category_id, indexer_class_nm)
VALUES('REZDOX_PHOTO', 'REZDOX', 'RezDox Photos', 'com.rezdox.action.PhotoAction', 0, '', 0, 0, 1, '2018-02-22 10:33:51.985', '2018-02-22 10:30:32.330', 0, 0, 1, 0, 'CUSTOM', '');
INSERT INTO core.module_type
(module_type_id, organization_id, module_type_nm, class_nm, admin_flg, service_url, facade_flg, global_admin_flg, display_flg, update_dt, create_dt, report_flg, cacheable_flg, clonable_flg, approvable_flg, widget_category_id, indexer_class_nm)
VALUES('REZDOX_RESIDENCE', 'REZDOX', 'RezDox Residences', 'com.rezdox.action.ResidenceAction', 0, '', 0, 0, 1, '2018-03-29 16:17:54.883', '2018-02-07 14:42:26.255', 0, 0, 1, 0, 'CUSTOM', '');
INSERT INTO core.module_type
(module_type_id, organization_id, module_type_nm, class_nm, admin_flg, service_url, facade_flg, global_admin_flg, display_flg, update_dt, create_dt, report_flg, cacheable_flg, clonable_flg, approvable_flg, widget_category_id, indexer_class_nm)
VALUES('REZDOX_GALLERY', 'REZDOX', 'RezDox Photo Galleries', 'com.rezdox.action.GalleryAction', 0, '', 0, 0, 1, NULL, '2018-02-19 12:22:23.599', 0, 0, 1, 0, 'CUSTOM', NULL);
INSERT INTO core.module_type
(module_type_id, organization_id, module_type_nm, class_nm, admin_flg, service_url, facade_flg, global_admin_flg, display_flg, update_dt, create_dt, report_flg, cacheable_flg, clonable_flg, approvable_flg, widget_category_id, indexer_class_nm)
VALUES('REZDOX_MEMBERSHIP', 'REZDOX', 'RezDox Memberships', 'com.rezdox.action.MembershipAction', 0, '', 0, 0, 1, NULL, '2018-01-30 12:17:19.432', 1, 0, 1, 0, 'CUSTOM', NULL);
INSERT INTO core.module_type
(module_type_id, organization_id, module_type_nm, class_nm, admin_flg, service_url, facade_flg, global_admin_flg, display_flg, update_dt, create_dt, report_flg, cacheable_flg, clonable_flg, approvable_flg, widget_category_id, indexer_class_nm)
VALUES('REZDOX_EMAIL', 'REZDOX', 'RezDox Email a Friend', 'com.rezdox.action.RezdoxEmailAFriendAction', 0, '', 0, 0, 1, '2018-01-29 11:25:33.399', '2018-01-29 09:08:39.073', 1, 0, 1, 0, 'CUSTOM', '');
INSERT INTO core.module_type
(module_type_id, organization_id, module_type_nm, class_nm, admin_flg, service_url, facade_flg, global_admin_flg, display_flg, update_dt, create_dt, report_flg, cacheable_flg, clonable_flg, approvable_flg, widget_category_id, indexer_class_nm)
VALUES('REZDOX_ROOMS', 'REZDOX', 'RezDox Rooms', 'com.rezdox.action.RoomAction', 0, '', 0, 0, 1, NULL, '2018-03-15 10:52:53.273', 0, 0, 1, 0, 'CUSTOM', '');
INSERT INTO core.module_type
(module_type_id, organization_id, module_type_nm, class_nm, admin_flg, service_url, facade_flg, global_admin_flg, display_flg, update_dt, create_dt, report_flg, cacheable_flg, clonable_flg, approvable_flg, widget_category_id, indexer_class_nm)
VALUES('REZDOX_BUSINESS_ADMIN', 'REZDOX', 'RezDox Business Administration', 'com.rezdox.action.BusinessAdminDataTool', 1, '', 0, 0, 0, NULL, '2018-03-14 18:10:04.925', 1, 0, 1, 0, 'CUSTOM', NULL);
INSERT INTO core.module_type
(module_type_id, organization_id, module_type_nm, class_nm, admin_flg, service_url, facade_flg, global_admin_flg, display_flg, update_dt, create_dt, report_flg, cacheable_flg, clonable_flg, approvable_flg, widget_category_id, indexer_class_nm)
VALUES('REZDOX_INVENTORY', 'REZDOX', 'RezDox Inventory', 'com.rezdox.action.InventoryAction', 0, '', 0, 0, 1, '2018-03-21 12:55:43.253', '2018-03-14 14:18:52.543', 0, 0, 1, 0, 'UNALLOCATED', '');
INSERT INTO core.module_type
(module_type_id, organization_id, module_type_nm, class_nm, admin_flg, service_url, facade_flg, global_admin_flg, display_flg, update_dt, create_dt, report_flg, cacheable_flg, clonable_flg, approvable_flg, widget_category_id, indexer_class_nm)
VALUES('REZDOX_MY_REWARDS', 'REZDOX', 'RezDoc MyRewards', 'com.rezdox.action.MyRewardsAction', 0, '', 0, 0, 1, '2018-03-14 14:17:32.424', '2018-03-09 17:26:57.228', 0, 0, 1, 0, 'E-COMMERCE', '');
INSERT INTO core.module_type
(module_type_id, organization_id, module_type_nm, class_nm, admin_flg, service_url, facade_flg, global_admin_flg, display_flg, update_dt, create_dt, report_flg, cacheable_flg, clonable_flg, approvable_flg, widget_category_id, indexer_class_nm)
VALUES('REZDOX_PROMOTION', 'REZDOX', 'RezDox Promotions', 'com.rezdox.action.PromotionAction', 0, '', 0, 0, 1, '2018-01-29 11:25:33.399', '2018-01-29 09:08:39.073', 1, 0, 1, 0, 'CUSTOM', '');



-- custom widget views
INSERT INTO core.module_display
(module_display_id, module_type_id, display_page_nm, display_desc, create_dt, update_dt, stylesheet_txt, organization_id, indexable_flg, default_flg, view_txt, view_type_no)
VALUES('44ca1581f6c05ffb7f0001014615642b', 'REZDOX_SUBSCRIPTION', '/custom/rezdox/subscription/index.jsp', 'Main', '2018-03-05 08:20:58.107', NULL, NULL, 'REZDOX', NULL, 1, NULL, 0);
INSERT INTO core.module_display
(module_display_id, module_type_id, display_page_nm, display_desc, create_dt, update_dt, stylesheet_txt, organization_id, indexable_flg, default_flg, view_txt, view_type_no)
VALUES('431d3045vbb247127f0001014a31c101', 'REZDOX_BUSINESS', '/custom/rezdox/business/index.jsp', 'My Businesses', '2018-03-09 09:57:35.763', NULL, NULL, 'REZDOX', NULL, 1, NULL, 0);
INSERT INTO core.module_display
(module_display_id, module_type_id, display_page_nm, display_desc, create_dt, update_dt, stylesheet_txt, organization_id, indexable_flg, default_flg, view_txt, view_type_no)
VALUES('bfe831a15981550c0a00195059f3c5f0', 'REZDOX_DSHBD', '/custom/rezdox/dashboard/residence.jsp', 'Residence Dashboard', '2018-03-24 13:34:30.924', NULL, NULL, 'REZDOX', NULL, 1, NULL, 0);
INSERT INTO core.module_display
(module_display_id, module_type_id, display_page_nm, display_desc, create_dt, update_dt, stylesheet_txt, organization_id, indexable_flg, default_flg, view_txt, view_type_no)
VALUES('c4126302vce1ecc00a0014215167b149', 'REZDOX_MY_REWARDS', '/custom/rezdox/my-rewards/index.jsp', 'Default', '2018-03-09 17:29:15.584', NULL, NULL, NULL, NULL, 1, NULL, 0);
INSERT INTO core.module_display
(module_display_id, module_type_id, display_page_nm, display_desc, create_dt, update_dt, stylesheet_txt, organization_id, indexable_flg, default_flg, view_txt, view_type_no)
VALUES('b485691972567b447f0001016f78583b', 'REZDOX_RESIDENCE', '/custom/rezdox/residence/index.jsp', 'My Residences', '2018-02-07 15:15:25.764', NULL, NULL, 'REZDOX', NULL, 1, NULL, 0);
INSERT INTO core.module_display
(module_display_id, module_type_id, display_page_nm, display_desc, create_dt, update_dt, stylesheet_txt, organization_id, indexable_flg, default_flg, view_txt, view_type_no)
VALUES('bae44fd0af8afc857f000101bc178184', 'REZDOX_GALLERY', '/custom/rezdox/gallery/index.jsp', 'Main', '2018-02-19 12:29:36.901', NULL, NULL, 'REZDOX', NULL, 1, NULL, 0);
INSERT INTO core.module_display
(module_display_id, module_type_id, display_page_nm, display_desc, create_dt, update_dt, stylesheet_txt, organization_id, indexable_flg, default_flg, view_txt, view_type_no)
VALUES('549b78434eb03c840a0014217e6dbdc4', 'REZDOX_PROJECT', '/custom/rezdox/project/index.jsp', 'Default', '2018-03-22 13:09:55.460', NULL, NULL, NULL, NULL, 1, NULL, 0);
INSERT INTO core.module_display
(module_display_id, module_type_id, display_page_nm, display_desc, create_dt, update_dt, stylesheet_txt, organization_id, indexable_flg, default_flg, view_txt, view_type_no)
VALUES('af471b19533e4841adce8580868c899f', 'LOGIN', '/custom/rezdox/user/displayLogin.jsp', 'Rezdox login display', '2018-03-13 12:05:09.634', NULL, NULL, 'REZDOX', NULL, 0, NULL, 0);
INSERT INTO core.module_display
(module_display_id, module_type_id, display_page_nm, display_desc, create_dt, update_dt, stylesheet_txt, organization_id, indexable_flg, default_flg, view_txt, view_type_no)
VALUES('ade6d781be9403b27f000101b49b6e2f', 'REZDOX_PHOTO', '/custom/rezdox/photo/index.jsp', 'Main', '2018-02-22 10:33:46.802', NULL, NULL, 'REZDOX', NULL, 1, NULL, 0);
INSERT INTO core.module_display
(module_display_id, module_type_id, display_page_nm, display_desc, create_dt, update_dt, stylesheet_txt, organization_id, indexable_flg, default_flg, view_txt, view_type_no)
VALUES('af471b19533e4841adce8580868c88a8', 'LOGIN', '/custom/rezdox/user/modalLogin.jsp', 'Rezdox login modal', '2018-03-12 15:17:53.188', NULL, NULL, 'REZDOX', NULL, 0, NULL, 0);
INSERT INTO core.module_display
(module_display_id, module_type_id, display_page_nm, display_desc, create_dt, update_dt, stylesheet_txt, organization_id, indexable_flg, default_flg, view_txt, view_type_no)
VALUES('8d3711895981a1d40a001950ac548f26', 'REZDOX_DSHBD', '/custom/rezdox/dashboard/business.jsp', 'Business Dashboard', '2018-03-24 13:34:50.580', NULL, NULL, 'REZDOX', NULL, 0, NULL, 0);
INSERT INTO core.module_display
(module_display_id, module_type_id, display_page_nm, display_desc, create_dt, update_dt, stylesheet_txt, organization_id, indexable_flg, default_flg, view_txt, view_type_no)
VALUES('a5276b0325bda7520a0014219c66394a', 'REZDOX_INVENTORY', '/custom/rezdox/inventory/index.jsp', 'Default', '2018-03-14 14:20:08.914', NULL, NULL, NULL, NULL, 1, NULL, 0);
INSERT INTO core.module_display
(module_display_id, module_type_id, display_page_nm, display_desc, create_dt, update_dt, stylesheet_txt, organization_id, indexable_flg, default_flg, view_txt, view_type_no)
VALUES('55135a4ab41f4882be69b25db7d2ac4a', 'REZDOX_ROOMS', '/custom/rezdox/rooms/index.jsp', 'Default', '2018-03-15 10:52:55.148', NULL, NULL, NULL, NULL, 1, NULL, 0);
INSERT INTO core.module_display
(module_display_id, module_type_id, display_page_nm, display_desc, create_dt, update_dt, stylesheet_txt, organization_id, indexable_flg, default_flg, view_txt, view_type_no)
VALUES('55135a4ab41f4882be69b25db7eafbb', 'REZDOX_EMAIL', '/custom/rezdox/emailFriend/email_friend.jsp', 'Default', '2018-03-19 14:37:21.592', NULL, NULL, NULL, NULL, 1, NULL, 0);
INSERT INTO core.module_display
(module_display_id, module_type_id, display_page_nm, display_desc, create_dt, update_dt, stylesheet_txt, organization_id, indexable_flg, default_flg, view_txt, view_type_no)
VALUES('55135a4ab41f4882be69bconnectiona', 'REZDOX_CONNECTION', '/custom/rezdox/connections/index.jsp', 'Default', '2018-03-27 18:40:26.549', NULL, NULL, NULL, NULL, 1, NULL, 0);
INSERT INTO core.module_display
(module_display_id, module_type_id, display_page_nm, display_desc, create_dt, update_dt, stylesheet_txt, organization_id, indexable_flg, default_flg, view_txt, view_type_no)
VALUES('21873f7654791e257f0001011721dff5', 'REZDOX_BUSINESS_REVIEW', '/custom/rezdox/business-review/index.jsp', 'Main', '2018-03-23 14:07:26.501', NULL, NULL, 'REZDOX', NULL, 1, NULL, 0);
INSERT INTO core.module_display
(module_display_id, module_type_id, display_page_nm, display_desc, create_dt, update_dt, stylesheet_txt, organization_id, indexable_flg, default_flg, view_txt, view_type_no)
VALUES('a82c4eb96d0502850a00195099a5ca36', 'REZDOX_DSHBD', '/custom/rezdox/dashboard/res_bus.jsp', 'Busienss and Residence Dashboard', '2018-03-28 08:31:07.654', NULL, NULL, 'REZDOX', NULL, 0, NULL, 0);
INSERT INTO core.module_display
(module_display_id, module_type_id, display_page_nm, display_desc, create_dt, update_dt, stylesheet_txt, organization_id, indexable_flg, default_flg, view_txt, view_type_no)
VALUES('8bb4395a5a7803f57f00010189fa733d', 'REZDOX_MEMBER', '/custom/rezdox/member/index.jsp', 'Main', '2018-03-24 18:03:57.557', NULL, NULL, 'REZDOX', NULL, 1, NULL, 0);
INSERT INTO core.module_display
(module_display_id, module_type_id, display_page_nm, display_desc, create_dt, update_dt, stylesheet_txt, organization_id, indexable_flg, default_flg, view_txt, view_type_no)
VALUES('3978cd5579611cc87f000101b9b86e1b', 'REZDOX_CONNECTION', '/custom/rezdox/connections/pros.jsp', 'pros', '2018-03-30 18:07:10.280', NULL, NULL, NULL, NULL, 0, NULL, 0);
INSERT INTO core.module_display
(module_display_id, module_type_id, display_page_nm, display_desc, create_dt, update_dt, stylesheet_txt, organization_id, indexable_flg, default_flg, view_txt, view_type_no)
VALUES('a5de7ef0680564ee0a0014218350c74d', 'REZDOX_HISTORY', '/custom/rezdox/home-history/index.jsp', 'Default', '2018-03-27 11:13:26.766', NULL, NULL, NULL, NULL, 1, NULL, 0);
INSERT INTO core.module_display
(module_display_id, module_type_id, display_page_nm, display_desc, create_dt, update_dt, stylesheet_txt, organization_id, indexable_flg, default_flg, view_txt, view_type_no)
VALUES('289a893069be41ae7f0001013d76da80', 'REZDOX_EMAIL', '/custom/rezdox/invite/index.jsp', 'Invites', '2018-03-27 17:14:59.118', NULL, NULL, 'REZDOX', NULL, 0, NULL, 0);
INSERT INTO core.module_display
(module_display_id, module_type_id, display_page_nm, display_desc, create_dt, update_dt, stylesheet_txt, organization_id, indexable_flg, default_flg, view_txt, view_type_no)
VALUES('caee2e53b522fda27f00010197f24424', 'REZDOX_CONNECTION', '/custom/rezdox/connections/directory.jsp', 'Directory', '2018-04-11 08:36:32.035', NULL, NULL, 'REZDOX', NULL, 0, NULL, 0);
INSERT INTO core.module_display
(module_display_id, module_type_id, display_page_nm, display_desc, create_dt, update_dt, stylesheet_txt, organization_id, indexable_flg, default_flg, view_txt, view_type_no)
VALUES('776142bed92b422a0a0014211178cffd', 'REZDOX_MEMBER', '/custom/rezdox/member/join.jsp', 'Join (public facing pg)', '2018-04-18 10:31:53.643', NULL, NULL, NULL, NULL, 0, NULL, 0);
INSERT INTO core.module_display
(module_display_id, module_type_id, display_page_nm, display_desc, create_dt, update_dt, stylesheet_txt, organization_id, indexable_flg, default_flg, view_txt, view_type_no)
VALUES('d57df357v26b60e0c0a801c489f46b0f', 'REZDOX_CONNECTION', '/custom/rezdox/connections/publicdirectory.jsp', 'Public Directory', '2018-04-26 10:46:21.665', NULL, NULL, NULL, NULL, 0, NULL, 0);
INSERT INTO core.module_display
(module_display_id, module_type_id, display_page_nm, display_desc, create_dt, update_dt, stylesheet_txt, organization_id, indexable_flg, default_flg, view_txt, view_type_no)
VALUES('5edf826efabbb7060a0014212588fe1d', 'REZDOX_BLOG', '/custom/rezdox/blog/index.jsp', 'Default', '2018-04-24 22:57:08.871', NULL, NULL, NULL, NULL, 1, NULL, 0);



-- org modules
INSERT INTO core.organization_module
(organization_module_id, organization_id, module_type_id, create_dt)
VALUES('9b4a46d0fab59c490a001421a13cb0b0', 'REZDOX', 'BREADCRUMB', '2018-04-24 22:50:28.809');
INSERT INTO core.organization_module
(organization_module_id, organization_id, module_type_id, create_dt)
VALUES('3602bb07fab59c4b0a001421a13cb0b0', 'REZDOX', 'CONTACT', '2018-04-24 22:50:28.811');
INSERT INTO core.organization_module
(organization_module_id, organization_id, module_type_id, create_dt)
VALUES('a8f8cd02fab59c4b0a001421a13cb0b0', 'REZDOX', 'DOCUMENT', '2018-04-24 22:50:28.811');
INSERT INTO core.organization_module
(organization_module_id, organization_id, module_type_id, create_dt)
VALUES('6b31f4d0fab59c4b0a001421a13cb0b0', 'REZDOX', 'EMAIL_FRIEND', '2018-04-24 22:50:28.811');
INSERT INTO core.organization_module
(organization_module_id, organization_id, module_type_id, create_dt)
VALUES('a477e200fab59c4b0a001421a13cb0b0', 'REZDOX', 'FIRST_VISIT', '2018-04-24 22:50:28.811');
INSERT INTO core.organization_module
(organization_module_id, organization_id, module_type_id, create_dt)
VALUES('e3a30be2fab59c4b0a001421a13cb0b0', 'REZDOX', 'FORM', '2018-04-24 22:50:28.811');
INSERT INTO core.organization_module
(organization_module_id, organization_id, module_type_id, create_dt)
VALUES('31e9bffefab59c4b0a001421a13cb0b0', 'REZDOX', 'PAYMENT_NOTIFICATION', '2018-04-24 22:50:28.811');
INSERT INTO core.organization_module
(organization_module_id, organization_id, module_type_id, create_dt)
VALUES('bd8b4c10fab59c4b0a001421a13cb0b0', 'REZDOX', 'PDF_FORM', '2018-04-24 22:50:28.811');
INSERT INTO core.organization_module
(organization_module_id, organization_id, module_type_id, create_dt)
VALUES('e2866680fab59c4b0a001421a13cb0b0', 'REZDOX', 'PDF_PRINTER', '2018-04-24 22:50:28.812');
INSERT INTO core.organization_module
(organization_module_id, organization_id, module_type_id, create_dt)
VALUES('3fe7e523fab59c4c0a001421a13cb0b0', 'REZDOX', 'REGISTRATION', '2018-04-24 22:50:28.812');
INSERT INTO core.organization_module
(organization_module_id, organization_id, module_type_id, create_dt)
VALUES('adeb3968fab59c4c0a001421a13cb0b0', 'REZDOX', 'REZDOX_MY_REWARDS', '2018-04-24 22:50:28.812');
INSERT INTO core.organization_module
(organization_module_id, organization_id, module_type_id, create_dt)
VALUES('e06e7442fab59c4c0a001421a13cb0b0', 'REZDOX', 'REZDOX_BLOG', '2018-04-24 22:50:28.812');
INSERT INTO core.organization_module
(organization_module_id, organization_id, module_type_id, create_dt)
VALUES('4263cd1afab59c4c0a001421a13cb0b0', 'REZDOX', 'REZDOX_BUSINESS', '2018-04-24 22:50:28.812');
INSERT INTO core.organization_module
(organization_module_id, organization_id, module_type_id, create_dt)
VALUES('4f879610fab59c4c0a001421a13cb0b0', 'REZDOX', 'REZDOX_CONNECTION', '2018-04-24 22:50:28.812');
INSERT INTO core.organization_module
(organization_module_id, organization_id, module_type_id, create_dt)
VALUES('2d80f731fab59c4c0a001421a13cb0b0', 'REZDOX', 'REZDOX_DSHBD', '2018-04-24 22:50:28.812');
INSERT INTO core.organization_module
(organization_module_id, organization_id, module_type_id, create_dt)
VALUES('c77f299afab59c4c0a001421a13cb0b0', 'REZDOX', 'REZDOX_EMAIL', '2018-04-24 22:50:28.812');
INSERT INTO core.organization_module
(organization_module_id, organization_id, module_type_id, create_dt)
VALUES('f70e6edffab59c4c0a001421a13cb0b0', 'REZDOX', 'REZDOX_HISTORY', '2018-04-24 22:50:28.812');
INSERT INTO core.organization_module
(organization_module_id, organization_id, module_type_id, create_dt)
VALUES('12b3dc3afab59c4c0a001421a13cb0b0', 'REZDOX', 'REZDOX_INVENTORY', '2018-04-24 22:50:28.812');
INSERT INTO core.organization_module
(organization_module_id, organization_id, module_type_id, create_dt)
VALUES('cb040c2afab59c4c0a001421a13cb0b0', 'REZDOX', 'REZDOX_MEMBER', '2018-04-24 22:50:28.812');
INSERT INTO core.organization_module
(organization_module_id, organization_id, module_type_id, create_dt)
VALUES('f52d8db2fab59c4c0a001421a13cb0b0', 'REZDOX', 'REZDOX_MEMBERSHIP', '2018-04-24 22:50:28.812');
INSERT INTO core.organization_module
(organization_module_id, organization_id, module_type_id, create_dt)
VALUES('b706c347fab59c4c0a001421a13cb0b0', 'REZDOX', 'REZDOX_NOTIFICATIONS', '2018-04-24 22:50:28.812');
INSERT INTO core.organization_module
(organization_module_id, organization_id, module_type_id, create_dt)
VALUES('32d1aabefab59c4c0a001421a13cb0b0', 'REZDOX', 'REZDOX_GALLERY', '2018-04-24 22:50:28.812');
INSERT INTO core.organization_module
(organization_module_id, organization_id, module_type_id, create_dt)
VALUES('e8e1e39dfab59c4c0a001421a13cb0b0', 'REZDOX', 'REZDOX_PHOTO', '2018-04-24 22:50:28.812');
INSERT INTO core.organization_module
(organization_module_id, organization_id, module_type_id, create_dt)
VALUES('328ea4fdfab59c4c0a001421a13cb0b0', 'REZDOX', 'REZDOX_PROJECT', '2018-04-24 22:50:28.812');
INSERT INTO core.organization_module
(organization_module_id, organization_id, module_type_id, create_dt)
VALUES('c939a296fab59c4c0a001421a13cb0b0', 'REZDOX', 'REZDOX_PROMOTION', '2018-04-24 22:50:28.812');
INSERT INTO core.organization_module
(organization_module_id, organization_id, module_type_id, create_dt)
VALUES('59e25f52fab59c4c0a001421a13cb0b0', 'REZDOX', 'REZDOX_RESIDENCE', '2018-04-24 22:50:28.812');
INSERT INTO core.organization_module
(organization_module_id, organization_id, module_type_id, create_dt)
VALUES('6a349511fab59c4c0a001421a13cb0b0', 'REZDOX', 'REZDOX_BUSINESS_REVIEW', '2018-04-24 22:50:28.813');
INSERT INTO core.organization_module
(organization_module_id, organization_id, module_type_id, create_dt)
VALUES('7176eb21fab59c4d0a001421a13cb0b0', 'REZDOX', 'REZDOX_ROOMS', '2018-04-24 22:50:28.813');
INSERT INTO core.organization_module
(organization_module_id, organization_id, module_type_id, create_dt)
VALUES('4babe2f8fab59c4d0a001421a13cb0b0', 'REZDOX', 'REZDOX_SUBSCRIPTION', '2018-04-24 22:50:28.813');
INSERT INTO core.organization_module
(organization_module_id, organization_id, module_type_id, create_dt)
VALUES('f5b56e7bfab59c4d0a001421a13cb0b0', 'REZDOX', 'SEC_FILE_MANAGER', '2018-04-24 22:50:28.813');
INSERT INTO core.organization_module
(organization_module_id, organization_id, module_type_id, create_dt)
VALUES('c3a54a0bfab59c4d0a001421a13cb0b0', 'REZDOX', 'GO_TIME_FITNESS_CART', '2018-04-24 22:50:28.813');
INSERT INTO core.organization_module
(organization_module_id, organization_id, module_type_id, create_dt)
VALUES('5df53bb2fab59c4d0a001421a13cb0b0', 'REZDOX', 'SIMPLE_IMAGE', '2018-04-24 22:50:28.813');
INSERT INTO core.organization_module
(organization_module_id, organization_id, module_type_id, create_dt)
VALUES('ff32470dfab59c4d0a001421a13cb0b0', 'REZDOX', 'SIMPLE_VIDEO', '2018-04-24 22:50:28.813');
INSERT INTO core.organization_module
(organization_module_id, organization_id, module_type_id, create_dt)
VALUES('846c9960fab59c4d0a001421a13cb0b0', 'REZDOX', 'SITE_MAP', '2018-04-24 22:50:28.813');
INSERT INTO core.organization_module
(organization_module_id, organization_id, module_type_id, create_dt)
VALUES('30232760fab59c4d0a001421a13cb0b0', 'REZDOX', 'TEXT_SIZE', '2018-04-24 22:50:28.813');
INSERT INTO core.organization_module
(organization_module_id, organization_id, module_type_id, create_dt)
VALUES('485a6c34fab59c4d0a001421a13cb0b0', 'REZDOX', 'LOGIN', '2018-04-24 22:50:28.813');



-- theme
INSERT INTO core.theme
(theme_id, page_loc_nm, theme_nm, admin_flg, create_dt, update_dt, organization_id, layout_css_txt, detail_img_txt, thumbnail_img_txt, max_column_no, def_column_no, global_1_css_txt, global_2_css_txt, global_3_css_txt)
VALUES('REZDOX_MEMBER', 'CUSTOM/REZDOX/REZDOX_MEMBER', 'RezDox Member Site', 0, '2018-02-07 13:11:28.556', '2018-02-07 13:17:36.250', 'REZDOX', '', '', '', 3, 1, '', '', '');
INSERT INTO core.theme
(theme_id, page_loc_nm, theme_nm, admin_flg, create_dt, update_dt, organization_id, layout_css_txt, detail_img_txt, thumbnail_img_txt, max_column_no, def_column_no, global_1_css_txt, global_2_css_txt, global_3_css_txt)
VALUES('REZDOX_PUBLIC', 'CUSTOM/REZDOX/REZDOX_PUBLIC', 'RezDox Public Site', 0, '2018-03-17 09:55:46.059', NULL, 'REZDOX', '', '', '', 3, 1, '', '', '');

-- theme menu
INSERT INTO core.theme_menu
(theme_menu_id, theme_id, menu_nm, menu_desc_txt, display_page_nm, thumbnail_img_txt, detail_img_txt, depth_lvl_no, create_dt, update_dt, menu_css_txt)
VALUES('649d4c9171ecd2807f000101540a5ac3', 'REZDOX_MEMBER', 'Default', 'Default Menu', '/WEB-INF/include/themes/CUSTOM/REZDOX/REZDOX_MEMBER/menu_container.jsp', '', '', 3, '2018-02-07 13:20:01.281', NULL, '');
INSERT INTO core.theme_menu
(theme_menu_id, theme_id, menu_nm, menu_desc_txt, display_page_nm, thumbnail_img_txt, detail_img_txt, depth_lvl_no, create_dt, update_dt, menu_css_txt)
VALUES('649d4c9171ecd2807f000101540a5pub', 'REZDOX_PUBLIC', 'Default', 'Default Menu', '/WEB-INF/include/themes/CUSTOM/REZDOX/REZDOX_PUBLIC/menu_container.jsp', '', '', 3, '2018-03-17 09:55:50.315', NULL, '');

-- theme stylesheet
INSERT INTO core.theme_stylesheet
(theme_stylesheet_id, theme_id, stylesheet_nm, stylesheet_txt, desc_txt, create_dt, update_dt)
VALUES('e14485d571eda0457f0001017282335d', 'REZDOX_MEMBER', 'Default', '', '', '2018-02-07 13:20:53.957', NULL);
INSERT INTO core.theme_stylesheet
(theme_stylesheet_id, theme_id, stylesheet_nm, stylesheet_txt, desc_txt, create_dt, update_dt)
VALUES('e14485d571eda0457f0001017282pubd', 'REZDOX_PUBLIC', 'Default', '', '', '2018-03-17 09:55:54.871', NULL);

-- theme element
INSERT INTO core.theme_element
(theme_element_id, theme_id, theme_stylesheet_id, param_nm, value_txt, element_type_txt, create_dt, update_dt)
VALUES('3f70a7ced4bc789a7f000101bb0a4c31', 'REZDOX_MEMBER', NULL, 'SITE_LOGO', '', 'HTML', '2018-02-26 17:49:36.922', NULL);
INSERT INTO core.theme_element
(theme_element_id, theme_id, theme_stylesheet_id, param_nm, value_txt, element_type_txt, create_dt, update_dt)
VALUES('6316ea0fd9ecc0b97f000101af8ccf0d', 'REZDOX_MEMBER', NULL, 'COPYRIGHT', '', 'HTML', '2018-02-27 18:00:27.193', NULL);
INSERT INTO core.theme_element
(theme_element_id, theme_id, theme_stylesheet_id, param_nm, value_txt, element_type_txt, create_dt, update_dt)
VALUES('1c8eb1add9fe60d47f0001015a2a91a3', 'REZDOX_MEMBER', NULL, 'HEADER_RIGHT', '', 'HTML', '2018-02-27 18:19:42.292', NULL);
INSERT INTO core.theme_element
(theme_element_id, theme_id, theme_stylesheet_id, param_nm, value_txt, element_type_txt, create_dt, update_dt)
VALUES('6316ea0fd9ecc0b97f000101af8cpubd', 'REZDOX_PUBLIC', NULL, 'COPYRIGHT', '', 'HTML', '2018-03-17 19:45:32.942', NULL);
INSERT INTO core.theme_element
(theme_element_id, theme_id, theme_stylesheet_id, param_nm, value_txt, element_type_txt, create_dt, update_dt)
VALUES('1c8eb1add9fe60d47f000101publeft', 'REZDOX_PUBLIC', NULL, 'FOOTER_LEFT_CONTENT', '', 'HTML', '2018-03-17 19:45:32.942', NULL);
INSERT INTO core.theme_element
(theme_element_id, theme_id, theme_stylesheet_id, param_nm, value_txt, element_type_txt, create_dt, update_dt)
VALUES('1c8eb1add9fe60d47f000101pubright', 'REZDOX_PUBLIC', NULL, 'FOOTER_RIGHT_CONTENT', '', 'HTML', '2018-03-17 19:45:32.942', NULL);
INSERT INTO core.theme_element
(theme_element_id, theme_id, theme_stylesheet_id, param_nm, value_txt, element_type_txt, create_dt, update_dt)
VALUES('b70812b336d2abc47f0001012a2c0be0', 'REZDOX_PUBLIC', NULL, 'SITE_LOGO', '', 'HTML', '2018-03-17 19:56:38.980', NULL);
INSERT INTO core.theme_element
(theme_element_id, theme_id, theme_stylesheet_id, param_nm, value_txt, element_type_txt, create_dt, update_dt)
VALUES('9a4ba20136da4e007f000101ff5ad9bf', 'REZDOX_PUBLIC', NULL, 'MAIN_HEADER_GRAPHIC', '', 'HTML', '2018-03-17 20:04:59.264', NULL);
INSERT INTO core.theme_element
(theme_element_id, theme_id, theme_stylesheet_id, param_nm, value_txt, element_type_txt, create_dt, update_dt)
VALUES('f76ab00a4b9000207f00010124c719ef', 'REZDOX_MEMBER', NULL, 'HEADER_LEFT', '', 'HTML', '2018-03-21 20:35:51.200', NULL);
INSERT INTO core.theme_element
(theme_element_id, theme_id, theme_stylesheet_id, param_nm, value_txt, element_type_txt, create_dt, update_dt)
VALUES('1ff296b14ef3ff2a7f00010155735b57', 'REZDOX_PUBLIC', NULL, 'HEADER_RIGHT', '', 'HTML', '2018-03-22 12:23:56.202', NULL);
INSERT INTO core.theme_element
(theme_element_id, theme_id, theme_stylesheet_id, param_nm, value_txt, element_type_txt, create_dt, update_dt)
VALUES('7a64d8615430f1007f00010176b7e22d', 'REZDOX_MEMBER', NULL, 'FOOTER_RIGHT_CONTENT', '', 'HTML', '2018-03-23 12:48:36.352', NULL);



-- custom roles
INSERT INTO core."role"
(role_id, role_nm, role_order_no, standard_flg, update_dt, create_dt, organization_id)
VALUES('REZDOX_RESIDENCE', 'RezDox Residence Role', 25, 0, NULL, '2018-03-21 17:16:42.005', 'REZDOX');
INSERT INTO core."role"
(role_id, role_nm, role_order_no, standard_flg, update_dt, create_dt, organization_id)
VALUES('REZDOX_BUSINESS', 'RezDox Business Role', 35, 0, NULL, '2018-03-21 17:16:42.005', 'REZDOX');
INSERT INTO core."role"
(role_id, role_nm, role_order_no, standard_flg, update_dt, create_dt, organization_id)
VALUES('REZDOX_RES_BUS', 'RezDox Residence and Business Role', 55, 0, NULL, '2018-03-21 17:16:42.005', 'REZDOX');

